index,benchmark,baseline_result,baseline_solved,baseline_timed_out,baseline_wall_seconds,baseline_par2,mab_result,mab_solved,mab_timed_out,mab_wall_seconds,mab_par2,mab_vs_baseline_par2_delta,mab_1000_result,mab_1000_solved,visible_packet_selections,visible_packet_updates
0,benchmarks/wordlevel/array/2019/mann/safe/arbitrated_fifos_n2d8w8.btor2,missing,False,True,3601.255930921063,7200.0,missing,False,True,3601.2591818878427,7200.0,0.0,missing,False,lean_core,lean_core
1,benchmarks/wordlevel/array/2019/mann/safe/linked_list_fifo_n2d4.btor2,missing,False,True,3601.1573128951713,7200.0,missing,False,True,3601.8528016740456,7200.0,0.0,missing,False,,
2,benchmarks/wordlevel/array/2019/mann/unknown/ridecore_array.btor2,missing,False,True,3600.2788058724254,7200.0,missing,False,True,3600.3228753358126,7200.0,0.0,missing,False,,
3,benchmarks/wordlevel/array/2019/mann/unsafe/ridecore_array.btor2,missing,False,True,3600.2624761667103,7200.0,missing,False,True,3600.3195538008586,7200.0,0.0,missing,False,,
4,benchmarks/wordlevel/array/2019/wolf/2018A/VexRiscv-regch0-15-p0.btor2,missing,False,True,3600.143657804467,7200.0,missing,False,True,3600.204359864816,7200.0,0.0,missing,False,lean_core,lean_core
5,benchmarks/wordlevel/array/2019/wolf/2018A/VexRiscv-regch0-15-p1.btor2,missing,False,True,3600.15305045899,7200.0,missing,False,True,3600.2669947165996,7200.0,0.0,missing,False,lean_core;cex_diverse,lean_core;cex_diverse
6,benchmarks/wordlevel/array/2019/wolf/2018A/picorv32-check-p12.btor2,unknown,False,False,156.18895024061203,7200.0,unsat,True,False,1236.092623651959,1236.092623651959,5963.907376348041,missing,False,lean_core;cex_diverse;recovery;cex_diverse;cex_diverse,lean_core;cex_diverse;recovery;cex_diverse;cex_diverse
7,benchmarks/wordlevel/array/2019/wolf/2018A/picorv32-check-p20.btor2,unknown,False,False,158.91360106505454,7200.0,unsat,True,False,666.8881908943877,666.8881908943877,6533.111809105612,unsat,True,lean_core;cex_diverse;recovery;cex_diverse;cex_diverse,lean_core;cex_diverse;recovery;cex_diverse;cex_diverse
8,benchmarks/wordlevel/array/2019/wolf/2018A/picorv32-check-p7.btor2,unknown,False,False,187.8234194861725,7200.0,missing,False,True,3600.1941073145717,7200.0,0.0,missing,False,lean_core;cex_diverse;recovery;lean_core;cex_diverse,lean_core;cex_diverse;recovery;lean_core;cex_diverse
9,benchmarks/wordlevel/array/2019/wolf/2018A/zipcpu-zipmmu-p34.btor2,unsat,True,False,0.22811044473201036,0.22811044473201036,unsat,True,False,0.5978278620168567,0.5978278620168567,-0.3697174172848463,unsat,True,,
10,benchmarks/wordlevel/array/2019/wolf/2018A/zipcpu-zipmmu-p40.btor2,unknown,False,False,1122.0020252903923,7200.0,missing,False,True,3600.6924806796014,7200.0,0.0,missing,False,lean_core;cex_diverse;recovery;cex_diverse;cex_diverse,lean_core;cex_diverse;recovery;cex_diverse;cex_diverse
11,benchmarks/wordlevel/array/2019/wolf/2019A/picorv32_mutAX_mem-p0.btor2,missing,False,True,3600.156149541959,7200.0,missing,False,True,3600.236854132265,7200.0,0.0,missing,False,,
12,benchmarks/wordlevel/array/2019/wolf/2019A/picorv32_mutAX_mem-p7.btor2,missing,False,True,3600.1666208840907,7200.0,missing,False,True,3600.2352112689987,7200.0,0.0,missing,False,,
13,benchmarks/wordlevel/array/2019/wolf/2019A/picorv32_mutBX_mem-p1.btor2,missing,False,True,3600.1550221694633,7200.0,missing,False,True,3600.2455622963607,7200.0,0.0,missing,False,,
14,benchmarks/wordlevel/array/2019/wolf/2019A/picorv32_mutBX_mem-p5.btor2,missing,False,True,3600.1496895039454,7200.0,missing,False,True,3600.239619465545,7200.0,0.0,missing,False,,
15,benchmarks/wordlevel/array/2019/wolf/2019A/picorv32_mutCX_mem-p5.btor2,missing,False,True,3600.1522749103606,7200.0,missing,False,True,3600.221694507636,7200.0,0.0,missing,False,,
16,benchmarks/wordlevel/array/2019/wolf/2019A/picorv32_mutCY_mem-p5.btor2,missing,False,True,3600.1608457211405,7200.0,missing,False,True,3601.0131572326645,7200.0,0.0,missing,False,,
17,benchmarks/wordlevel/array/2019/wolf/2019C/dblclockfft_butterfly_ck3_r1-p105.btor2,unknown,False,False,22.819946852512658,7200.0,unknown,False,False,624.6596536235884,7200.0,0.0,unknown,False,lean_core;cex_diverse;recovery;cex_diverse;lean_core;cex_diverse;recovery,lean_core;cex_diverse;recovery;cex_diverse;lean_core;cex_diverse;recovery
18,benchmarks/wordlevel/array/2019/wolf/2019C/dblclockfft_butterfly_ck3_r1-p44.btor2,unknown,False,False,8.678521978668869,7200.0,unknown,False,False,2565.9946973333135,7200.0,0.0,missing,False,lean_core;cex_diverse;recovery;cex_diverse;lean_core;cex_diverse;recovery;lean_core;lean_core;lean_core,lean_core;cex_diverse;recovery;cex_diverse;lean_core;cex_diverse;recovery;lean_core;lean_core;lean_core
19,benchmarks/wordlevel/array/2019/wolf/2019C/zipcpu_zipcpu_dcache-p105.btor2,unsat,True,False,334.3905565319583,334.3905565319583,unsat,True,False,144.02690937556326,144.02690937556326,190.36364715639502,unsat,True,,
20,benchmarks/wordlevel/array/2019/wolf/2019C/zipcpu_zipcpu_dcache-p106.btor2,unsat,True,False,364.944438919425,364.944438919425,unsat,True,False,177.26986465789378,177.26986465789378,187.67457426153123,unsat,True,,
21,benchmarks/wordlevel/array/2019/wolf/2019C/zipcpu_zipcpu_dcache-p181.btor2,unsat,True,False,2.350974324159324,2.350974324159324,unsat,True,False,3.671600431203842,3.671600431203842,-1.320626107044518,unsat,True,,
22,benchmarks/wordlevel/array/2019/wolf/2019C/zipcpu_zipcpu_dcache-p208.btor2,missing,False,True,3600.1474471418187,7200.0,missing,False,True,3600.288117263466,7200.0,0.0,missing,False,,
23,benchmarks/wordlevel/array/2019/wolf/2019C/zipcpu_zipcpu_dcache-p231.btor2,missing,False,True,3600.16047170572,7200.0,missing,False,True,3600.2176598384976,7200.0,0.0,missing,False,lean_core,lean_core
24,benchmarks/wordlevel/array/2019/wolf/2019C/zipcpu_zipcpu_dcache-p238.btor2,unsat,True,False,1.2325423695147038,1.2325423695147038,unsat,True,False,2.24553925357759,2.24553925357759,-1.0129968840628862,unsat,True,,
25,benchmarks/wordlevel/array/2019/wolf/2019C/zipcpu_zipcpu_dcache-p250.btor2,missing,False,True,3600.1219058446586,7200.0,missing,False,True,3600.1539212353528,7200.0,0.0,missing,False,,
26,benchmarks/wordlevel/array/2019/wolf/2019C/zipcpu_zipcpu_dcache-p260.btor2,missing,False,True,3600.1557552032173,7200.0,missing,False,True,3600.2589472224936,7200.0,0.0,missing,False,lean_core,
27,benchmarks/wordlevel/array/2019/wolf/2019C/zipcpu_zipcpu_dcache-p274.btor2,unsat,True,False,20.005094442516565,20.005094442516565,unsat,True,False,3.386394415050745,3.386394415050745,16.61870002746582,unsat,True,,
28,benchmarks/wordlevel/array/2019/wolf/2019C/zipcpu_zipcpu_dcache-p277.btor2,missing,False,True,3600.1532870335504,7200.0,missing,False,True,3600.257815649733,7200.0,0.0,missing,False,lean_core,lean_core
29,benchmarks/wordlevel/array/2019/wolf/2019C/zipcpu_zipcpu_dcache-p295.btor2,unsat,True,False,2.611154763959348,2.611154763959348,unsat,True,False,4.907930748537183,4.907930748537183,-2.2967759845778346,unsat,True,,
30,benchmarks/wordlevel/array/2019/wolf/2019C/zipcpu_zipcpu_dcache-p317.btor2,unsat,True,False,2.7788578178733587,2.7788578178733587,unsat,True,False,4.439715679734945,4.439715679734945,-1.6608578618615866,unsat,True,,
31,benchmarks/wordlevel/array/2019/wolf/2019C/zipcpu_zipcpu_dcache-p322.btor2,missing,False,True,3600.1658434979618,7200.0,missing,False,True,3600.2479789936915,7200.0,0.0,missing,False,lean_core,lean_core
32,benchmarks/wordlevel/array/2019/wolf/2019C/zipcpu_zipcpu_dcache-p343.btor2,missing,False,True,3600.163507462479,7200.0,missing,False,True,3600.2815879201517,7200.0,0.0,missing,False,lean_core,lean_core
33,benchmarks/wordlevel/array/2019/wolf/2019C/zipcpu_zipcpu_dcache-p346.btor2,missing,False,True,3600.159086585045,7200.0,missing,False,True,3600.258573091589,7200.0,0.0,missing,False,lean_core,lean_core
34,benchmarks/wordlevel/array/2019/wolf/2019C/zipcpu_zipcpu_dcache-p359.btor2,missing,False,True,3600.151726118289,7200.0,missing,False,True,3600.26932032872,7200.0,0.0,missing,False,,
35,benchmarks/wordlevel/array/2019/wolf/2019C/zipcpu_zipcpu_dcache-p371.btor2,missing,False,True,3600.142933513038,7200.0,missing,False,True,3600.2643790617585,7200.0,0.0,missing,False,,
36,benchmarks/wordlevel/array/2019/wolf/2019C/zipcpu_zipcpu_dcache-p428.btor2,missing,False,True,3600.153472837992,7200.0,missing,False,True,3600.277135549113,7200.0,0.0,missing,False,,
37,benchmarks/wordlevel/array/2019/wolf/2019C/zipcpu_zipcpu_dcache-p459.btor2,missing,False,True,3600.148516743444,7200.0,missing,False,True,3600.279441564344,7200.0,0.0,missing,False,,
38,benchmarks/wordlevel/array/2019/wolf/2019C/zipcpu_zipcpu_dcache-p462.btor2,unsat,True,False,1.614251316525042,1.614251316525042,unsat,True,False,4.044468927197158,4.044468927197158,-2.4302176106721163,unsat,True,,
39,benchmarks/wordlevel/array/2019/wolf/2019C/zipcpu_zipcpu_dcache-p478.btor2,missing,False,True,3600.1577613027766,7200.0,missing,False,True,3600.275524205528,7200.0,0.0,missing,False,,
40,benchmarks/wordlevel/array/2019/wolf/2019C/zipcpu_zipcpu_dcache-p532.btor2,unsat,True,False,1.9933703783899546,1.9933703783899546,unsat,True,False,4.296438479796052,4.296438479796052,-2.3030681014060974,unsat,True,,
41,benchmarks/wordlevel/array/2019/wolf/2019C/zipcpu_zipcpu_dcache-p554.btor2,missing,False,True,3600.137817156501,7200.0,missing,False,True,3600.2940859217197,7200.0,0.0,missing,False,,
42,benchmarks/wordlevel/array/2019/wolf/2019C/zipcpu_zipcpu_dcache-p558.btor2,missing,False,True,3600.142407534644,7200.0,missing,False,True,3600.323047725484,7200.0,0.0,missing,False,,
43,benchmarks/wordlevel/array/2019/wolf/2019C/zipcpu_zipcpu_dcache-p563.btor2,unsat,True,False,421.56982915010303,421.56982915010303,unsat,True,False,354.3726847693324,354.3726847693324,67.19714438077062,unsat,True,,
44,benchmarks/wordlevel/array/2019/wolf/2019C/zipcpu_zipcpu_dcache-p570.btor2,missing,False,True,3600.1484856512398,7200.0,missing,False,True,3600.2678165445104,7200.0,0.0,missing,False,,
45,benchmarks/wordlevel/array/2019/wolf/2019C/zipcpu_zipcpu_dcache-p581.btor2,unsat,True,False,2075.7154233613983,2075.7154233613983,unsat,True,False,2697.9096812279895,2697.9096812279895,-622.1942578665912,missing,False,,
46,benchmarks/wordlevel/array/2019/wolf/2019C/zipcpu_zipcpu_dcache-p591.btor2,missing,False,True,3600.148561303504,7200.0,missing,False,True,3600.3007319644094,7200.0,0.0,missing,False,lean_core,
47,benchmarks/wordlevel/array/2019/wolf/2019C/zipcpu_zipcpu_piped-p133.btor2,missing,False,True,3600.167089788243,7200.0,missing,False,True,3600.300204500556,7200.0,0.0,missing,False,,
48,benchmarks/wordlevel/array/2019/wolf/2019C/zipcpu_zipcpu_piped-p160.btor2,missing,False,True,3600.1430189078674,7200.0,missing,False,True,3600.3050625203177,7200.0,0.0,missing,False,,
49,benchmarks/wordlevel/array/2019/wolf/2019C/zipcpu_zipcpu_piped-p195.btor2,unsat,True,False,88.89252705127001,88.89252705127001,unsat,True,False,190.34851430729032,190.34851430729032,-101.45598725602031,unsat,True,,
50,benchmarks/wordlevel/array/2019/wolf/2019C/zipcpu_zipcpu_piped-p240.btor2,missing,False,True,3600.145413705148,7200.0,missing,False,True,3600.2270785737783,7200.0,0.0,missing,False,,
51,benchmarks/wordlevel/array/2019/wolf/2019C/zipcpu_zipcpu_piped-p241.btor2,missing,False,True,3600.1584440646693,7200.0,missing,False,True,3600.2586764963344,7200.0,0.0,missing,False,lean_core,lean_core
52,benchmarks/wordlevel/array/2019/wolf/2019C/zipcpu_zipcpu_piped-p284.btor2,missing,False,True,3600.1374514065683,7200.0,missing,False,True,3600.1911748135462,7200.0,0.0,missing,False,lean_core,lean_core
53,benchmarks/wordlevel/array/2019/wolf/2019C/zipcpu_zipcpu_piped-p310.btor2,unsat,True,False,54.17898117378354,54.17898117378354,unsat,True,False,150.4105949755758,150.4105949755758,-96.23161380179226,unsat,True,,
54,benchmarks/wordlevel/array/2019/wolf/2019C/zipcpu_zipcpu_piped-p311.btor2,missing,False,True,3600.17142175138,7200.0,missing,False,True,3600.2406707089394,7200.0,0.0,missing,False,lean_core,
55,benchmarks/wordlevel/array/2019/wolf/2019C/zipcpu_zipcpu_piped-p358.btor2,unsat,True,False,1.006888105534017,1.006888105534017,unsat,True,False,2.4937869207933545,2.4937869207933545,-1.4868988152593374,unsat,True,,
56,benchmarks/wordlevel/array/2019/wolf/2019C/zipcpu_zipcpu_piped-p366.btor2,unsat,True,False,0.9779251795262098,0.9779251795262098,unsat,True,False,1.9716701991856098,1.9716701991856098,-0.9937450196594,unsat,True,,
57,benchmarks/wordlevel/array/2019/wolf/2019C/zipcpu_zipcpu_piped-p395.btor2,unsat,True,False,36.95041412394494,36.95041412394494,unsat,True,False,43.356990745291114,43.356990745291114,-6.406576621346176,unsat,True,,
58,benchmarks/wordlevel/array/2019/wolf/2019C/zipcpu_zipcpu_piped-p421.btor2,missing,False,True,3600.109519115649,7200.0,missing,False,True,3600.230656772852,7200.0,0.0,missing,False,lean_core,lean_core
59,benchmarks/wordlevel/array/2019/wolf/2019C/zipcpu_zipcpu_piped-p43.btor2,unsat,True,False,0.7596764601767063,0.7596764601767063,unsat,True,False,1.4451806219294667,1.4451806219294667,-0.6855041617527604,unsat,True,,
60,benchmarks/wordlevel/array/2019/wolf/2019C/zipcpu_zipcpu_piped-p458.btor2,unsat,True,False,11.991871458478272,11.991871458478272,unsat,True,False,2.326065296307206,2.326065296307206,9.665806162171066,unsat,True,,
61,benchmarks/wordlevel/array/2019/wolf/2019C/zipcpu_zipcpu_piped-p485.btor2,unsat,True,False,0.8278269954025745,0.8278269954025745,unsat,True,False,2.0273437993600965,2.0273437993600965,-1.199516803957522,unsat,True,,
62,benchmarks/wordlevel/array/2019/wolf/2019C/zipcpu_zipcpu_piped-p493.btor2,missing,False,True,3600.1496167564765,7200.0,missing,False,True,3600.1999478852376,7200.0,0.0,missing,False,lean_core,lean_core
63,benchmarks/wordlevel/array/2019/wolf/2019C/zipcpu_zipcpu_piped-p496.btor2,missing,False,True,3600.142295775935,7200.0,missing,False,True,3600.2444234173745,7200.0,0.0,missing,False,,
64,benchmarks/wordlevel/array/2020/mann/array_lt200.btor2,unknown,False,False,0.08828736748546362,7200.0,unsat,True,False,0.7641075570136309,0.7641075570136309,7199.235892442986,unsat,True,lean_core,lean_core
65,benchmarks/wordlevel/array/2020/mann/array_swap.btor2,missing,False,True,3601.2759629664943,7200.0,missing,False,True,3602.5351697830483,7200.0,0.0,missing,False,,
66,benchmarks/wordlevel/array/2020/mann/deep_overflow_bug.btor2,missing,False,True,3600.9474222371355,7200.0,missing,False,True,3604.248489184305,7200.0,0.0,missing,False,,
67,benchmarks/wordlevel/array/2020/mann/easy_zero_array.btor2,missing,False,True,3601.817922098562,7200.0,missing,False,True,3602.170485563576,7200.0,0.0,missing,False,,
68,benchmarks/wordlevel/array/2020/mann/simple-stack-pred1.btor2,missing,False,True,3601.3449392747134,7200.0,missing,False,True,3604.3462580237538,7200.0,0.0,missing,False,,
69,benchmarks/wordlevel/array/2020/mann/zero_array.btor2,missing,False,True,3601.838171252981,7200.0,missing,False,True,3603.608127735555,7200.0,0.0,missing,False,,
70,benchmarks/wordlevel/array/2024/hkust/branch_coverage/array/rocket_1939.btor2,missing,False,True,3600.143596840091,7200.0,missing,False,True,3600.1511090425774,7200.0,0.0,missing,False,,
71,benchmarks/wordlevel/array/2024/hkust/branch_coverage/array/rocket_2021.btor2,missing,False,True,3600.1055647209287,7200.0,missing,False,True,3600.1576812844723,7200.0,0.0,missing,False,,
72,benchmarks/wordlevel/array/2024/hkust/branch_coverage/array/rocket_2029.btor2,missing,False,True,3600.1058593774214,7200.0,missing,False,True,3600.1703386921436,7200.0,0.0,missing,False,,
73,benchmarks/wordlevel/array/2024/hkust/branch_coverage/array/rocket_2045.btor2,missing,False,True,3600.105324110016,7200.0,missing,False,True,3600.169847666286,7200.0,0.0,missing,False,,
74,benchmarks/wordlevel/array/2024/hkust/branch_coverage/array/rocket_2047.btor2,missing,False,True,3600.10456097126,7200.0,missing,False,True,3600.158795468509,7200.0,0.0,missing,False,,
75,benchmarks/wordlevel/array/2024/hkust/branch_coverage/array/rocket_2053.btor2,missing,False,True,3600.1304421769455,7200.0,missing,False,True,3600.128501710482,7200.0,0.0,missing,False,,
76,benchmarks/wordlevel/array/2024/hkust/branch_coverage/array/rocket_2067.btor2,missing,False,True,3600.137685447,7200.0,missing,False,True,3600.1317628994584,7200.0,0.0,missing,False,,
77,benchmarks/wordlevel/array/2024/hkust/refinement_checking/array/ILA_Flute_ADDI_problem.btor2,missing,False,True,3600.1394948503003,7200.0,missing,False,True,3600.138827619143,7200.0,0.0,missing,False,,
78,benchmarks/wordlevel/array/2024/hkust/refinement_checking/array/ILA_Flute_AND_problem.btor2,missing,False,True,3600.146308953874,7200.0,missing,False,True,3600.140184235759,7200.0,0.0,missing,False,,
79,benchmarks/wordlevel/array/2024/hkust/refinement_checking/array/ILA_Flute_AUIPC_problem.btor2,missing,False,True,3600.1408114563674,7200.0,missing,False,True,3600.139962123707,7200.0,0.0,missing,False,,
80,benchmarks/wordlevel/array/2024/hkust/refinement_checking/array/ILA_Flute_BEQ_sanity.btor2,missing,False,True,3600.162656453438,7200.0,missing,False,True,3600.1532225869596,7200.0,0.0,missing,False,,
81,benchmarks/wordlevel/array/2024/hkust/refinement_checking/array/ILA_Flute_BGEU_problem.btor2,missing,False,True,3600.106592107564,7200.0,missing,False,True,3600.1381176607683,7200.0,0.0,missing,False,,
82,benchmarks/wordlevel/array/2024/hkust/refinement_checking/array/ILA_Flute_BLT_problem.btor2,missing,False,True,3600.1524065071717,7200.0,missing,False,True,3600.1287998259068,7200.0,0.0,missing,False,,
83,benchmarks/wordlevel/array/2024/hkust/refinement_checking/array/ILA_Flute_LHU_sanity.btor2,missing,False,True,3600.1503624161705,7200.0,missing,False,True,3600.139957432635,7200.0,0.0,missing,False,,
84,benchmarks/wordlevel/array/2024/hkust/refinement_checking/array/ILA_Flute_OR_sanity.btor2,missing,False,True,3600.149322403595,7200.0,missing,False,True,3600.1298293704167,7200.0,0.0,missing,False,,
85,benchmarks/wordlevel/array/2024/hkust/refinement_checking/array/ILA_Flute_SB_problem.btor2,missing,False,True,3600.130647368729,7200.0,missing,False,True,3600.1304083820432,7200.0,0.0,missing,False,,
86,benchmarks/wordlevel/array/2024/hkust/refinement_checking/array/ILA_Flute_SH_problem.btor2,missing,False,True,3600.148694592528,7200.0,missing,False,True,3600.1269290363416,7200.0,0.0,missing,False,,
87,benchmarks/wordlevel/array/2024/hkust/refinement_checking/array/ILA_Flute_SH_sanity.btor2,missing,False,True,3600.144800208509,7200.0,missing,False,True,3600.130666550249,7200.0,0.0,missing,False,,
88,benchmarks/wordlevel/array/2024/hkust/refinement_checking/array/ILA_Flute_SLLI_sanity.btor2,missing,False,True,3600.1473421733826,7200.0,missing,False,True,3600.132562313229,7200.0,0.0,missing,False,,
89,benchmarks/wordlevel/array/2024/hkust/refinement_checking/array/ILA_Flute_SLTI_problem.btor2,missing,False,True,3600.139672935009,7200.0,missing,False,True,3600.1388372462243,7200.0,0.0,missing,False,,
90,benchmarks/wordlevel/array/2024/hkust/refinement_checking/array/ILA_Flute_SLTI_sanity.btor2,missing,False,True,3600.1453738706186,7200.0,missing,False,True,3600.1422096444294,7200.0,0.0,missing,False,,
91,benchmarks/wordlevel/array/2024/hkust/refinement_checking/array/ILA_Flute_SRAI_problem.btor2,missing,False,True,3600.140999523923,7200.0,missing,False,True,3600.1419627042487,7200.0,0.0,missing,False,,
92,benchmarks/wordlevel/array/2024/hkust/refinement_checking/array/ILA_Flute_SUB_problem.btor2,missing,False,True,3600.143836618401,7200.0,missing,False,True,3600.141803902574,7200.0,0.0,missing,False,,
93,benchmarks/wordlevel/array/2024/hkust/refinement_checking/array/ILA_Flute_SW_sanity.btor2,missing,False,True,3600.1447912910953,7200.0,missing,False,True,3600.1496788021177,7200.0,0.0,missing,False,,
94,benchmarks/wordlevel/array/2024/hkust/refinement_checking/array/ILA_Flute_XORI_problem.btor2,missing,False,True,3600.14046346955,7200.0,missing,False,True,3600.1273361472413,7200.0,0.0,missing,False,,
95,benchmarks/wordlevel/array/2024/hkust/refinement_checking/array/ILA_Piccolo_ADD_sanity.btor2,missing,False,True,3600.139257901348,7200.0,missing,False,True,3600.133138049394,7200.0,0.0,missing,False,,
96,benchmarks/wordlevel/array/2024/hkust/refinement_checking/array/ILA_Piccolo_BNE_sanity.btor2,missing,False,True,3600.1438199840486,7200.0,missing,False,True,3600.1281106723472,7200.0,0.0,missing,False,,
97,benchmarks/wordlevel/array/2024/hkust/refinement_checking/array/ILA_Piccolo_JALR_problem.btor2,missing,False,True,3600.1403914168477,7200.0,missing,False,True,3600.1322717899457,7200.0,0.0,missing,False,,
98,benchmarks/wordlevel/array/2024/hkust/refinement_checking/array/ILA_Piccolo_JALR_sanity.btor2,missing,False,True,3600.1458916906267,7200.0,missing,False,True,3600.1325675733387,7200.0,0.0,missing,False,,
99,benchmarks/wordlevel/array/2024/hkust/refinement_checking/array/ILA_Piccolo_LBU_sanity.btor2,missing,False,True,3600.1402261173353,7200.0,missing,False,True,3600.131347413175,7200.0,0.0,missing,False,,
100,benchmarks/wordlevel/array/2024/hkust/refinement_checking/array/ILA_Piccolo_LH_sanity.btor2,missing,False,True,3600.153223569505,7200.0,missing,False,True,3600.1352598527446,7200.0,0.0,missing,False,,
101,benchmarks/wordlevel/array/2024/hkust/refinement_checking/array/ILA_Piccolo_LUI_sanity.btor2,missing,False,True,3600.15254274942,7200.0,missing,False,True,3600.130875696428,7200.0,0.0,missing,False,,
102,benchmarks/wordlevel/array/2024/hkust/refinement_checking/array/ILA_Piccolo_LW_problem.btor2,missing,False,True,3600.1456506783143,7200.0,missing,False,True,3600.1284786490723,7200.0,0.0,missing,False,,
103,benchmarks/wordlevel/array/2024/hkust/refinement_checking/array/ILA_Piccolo_ORI_sanity.btor2,missing,False,True,3600.146603386849,7200.0,missing,False,True,3600.133737012744,7200.0,0.0,missing,False,,
104,benchmarks/wordlevel/array/2024/hkust/refinement_checking/array/ILA_Piccolo_SB_sanity.btor2,missing,False,True,3600.1445578560233,7200.0,missing,False,True,3600.131376961246,7200.0,0.0,missing,False,,
105,benchmarks/wordlevel/array/2024/hkust/refinement_checking/array/ILA_Piccolo_SLLI_problem.btor2,missing,False,True,3600.139965303242,7200.0,missing,False,True,3600.1268026474863,7200.0,0.0,missing,False,,
106,benchmarks/wordlevel/array/2024/hkust/refinement_checking/array/ILA_Piccolo_SLL_problem.btor2,missing,False,True,3600.1533330297098,7200.0,missing,False,True,3600.1267089191824,7200.0,0.0,missing,False,,
107,benchmarks/wordlevel/array/2024/hkust/refinement_checking/array/ILA_Piccolo_SLTI_problem.btor2,missing,False,True,3600.1598439477384,7200.0,missing,False,True,3600.1335126189515,7200.0,0.0,missing,False,,
108,benchmarks/wordlevel/array/2024/hkust/refinement_checking/array/ILA_Piccolo_SLT_sanity.btor2,missing,False,True,3600.156733476557,7200.0,missing,False,True,3600.130098199472,7200.0,0.0,missing,False,,
109,benchmarks/wordlevel/array/2024/hkust/refinement_checking/array/ILA_Piccolo_SRL_sanity.btor2,missing,False,True,3600.158014882356,7200.0,missing,False,True,3600.1343125477433,7200.0,0.0,missing,False,,
110,benchmarks/wordlevel/array/2024/hkust/refinement_checking/array/ILA_Piccolo_SW_problem.btor2,missing,False,True,3600.137980269268,7200.0,missing,False,True,3600.1361201917753,7200.0,0.0,missing,False,,
111,benchmarks/wordlevel/array/2024/hkust/refinement_checking/array/ILA_Piccolo_XORI_sanity.btor2,missing,False,True,3600.1532007055357,7200.0,missing,False,True,3600.1383231515065,7200.0,0.0,missing,False,,
112,benchmarks/wordlevel/array/2024/hkust/refinement_checking/array/ILA_Ridecore_BLTU_problem.btor2,missing,False,True,3600.171158472076,7200.0,missing,False,True,3600.1561678098515,7200.0,0.0,missing,False,,
113,benchmarks/wordlevel/array/2024/hkust/refinement_checking/array/ILA_Ridecore_LB_problem.btor2,missing,False,True,3600.1815478568897,7200.0,missing,False,True,3600.1404413096607,7200.0,0.0,missing,False,,
114,benchmarks/wordlevel/array/2024/hkust/refinement_checking/array/ILA_Ridecore_LUI_problem.btor2,missing,False,True,3600.176258600317,7200.0,missing,False,True,3600.1649080589414,7200.0,0.0,missing,False,,
115,benchmarks/wordlevel/array/2024/hkust/refinement_checking/array/ILA_Ridecore_ORI_problem.btor2,missing,False,True,3600.173292366788,7200.0,missing,False,True,3600.171668565832,7200.0,0.0,missing,False,,
116,benchmarks/wordlevel/array/2024/hkust/refinement_checking/array/ILA_Ridecore_SRAI_problem.btor2,missing,False,True,3600.162378472276,7200.0,missing,False,True,3600.1581290736794,7200.0,0.0,missing,False,,
117,benchmarks/wordlevel/array/2024/hkust/refinement_checking/array/ILA_Rocket_ADD_sanity.btor2,missing,False,True,3600.157264487818,7200.0,missing,False,True,3600.191117566079,7200.0,0.0,missing,False,,
118,benchmarks/wordlevel/array/2024/hkust/refinement_checking/array/ILA_Rocket_ANDI_sanity.btor2,missing,False,True,3600.1572898766026,7200.0,missing,False,True,3600.157695869915,7200.0,0.0,missing,False,,
119,benchmarks/wordlevel/array/2024/hkust/refinement_checking/array/ILA_Rocket_AND_problem.btor2,missing,False,True,3600.170742199756,7200.0,missing,False,True,3600.147581502795,7200.0,0.0,missing,False,,
120,benchmarks/wordlevel/array/2024/hkust/refinement_checking/array/ILA_Rocket_AND_sanity.btor2,missing,False,True,3600.1856011291966,7200.0,missing,False,True,3600.147916602902,7200.0,0.0,missing,False,,
121,benchmarks/wordlevel/array/2024/hkust/refinement_checking/array/ILA_Rocket_BLTU_problem.btor2,missing,False,True,3600.1652420852333,7200.0,missing,False,True,3600.1469247164205,7200.0,0.0,missing,False,,
122,benchmarks/wordlevel/array/2024/hkust/refinement_checking/array/ILA_Rocket_BNE_problem.btor2,missing,False,True,3600.16772234533,7200.0,missing,False,True,3600.157196766697,7200.0,0.0,missing,False,,
123,benchmarks/wordlevel/array/2024/hkust/refinement_checking/array/ILA_Rocket_JAL_sanity.btor2,missing,False,True,3600.191282901913,7200.0,missing,False,True,3600.1503625893965,7200.0,0.0,missing,False,,
124,benchmarks/wordlevel/array/2024/hkust/refinement_checking/array/ILA_Rocket_LUI_sanity.btor2,missing,False,True,3600.194800139405,7200.0,missing,False,True,3600.151661411859,7200.0,0.0,missing,False,,
125,benchmarks/wordlevel/array/2024/hkust/refinement_checking/array/ILA_Rocket_LW_sanity.btor2,missing,False,True,3600.1884024040774,7200.0,missing,False,True,3600.153634848073,7200.0,0.0,missing,False,,
126,benchmarks/wordlevel/array/2024/hkust/refinement_checking/array/ILA_Rocket_ORI_sanity.btor2,missing,False,True,3600.174874357879,7200.0,missing,False,True,3600.2504545813426,7200.0,0.0,missing,False,,
127,benchmarks/wordlevel/array/2024/hkust/refinement_checking/array/ILA_Rocket_SLLI_problem.btor2,missing,False,True,3600.163059438579,7200.0,missing,False,True,3600.1712851179764,7200.0,0.0,missing,False,,
128,benchmarks/wordlevel/array/2024/hkust/refinement_checking/array/ILA_Rocket_SLL_sanity.btor2,missing,False,True,3600.2022630553693,7200.0,missing,False,True,3600.1690403353423,7200.0,0.0,missing,False,,
129,benchmarks/wordlevel/array/2024/hkust/refinement_checking/array/ILA_Rocket_SLTIU_problem.btor2,missing,False,True,3600.1535734971985,7200.0,missing,False,True,3600.1423635827377,7200.0,0.0,missing,False,,
130,benchmarks/wordlevel/array/2024/sosylab/array-examples/standard_compareModified_ground.btor2,unknown,False,False,19.523281197994947,7200.0,unknown,False,False,44.074664909392595,7200.0,0.0,unknown,False,lean_core;recovery;recovery,lean_core;recovery;recovery
131,benchmarks/wordlevel/array/2024/sosylab/array-examples/standard_compare_ground.btor2,unknown,False,False,17.5029225545004,7200.0,unknown,False,False,13.019956525415182,7200.0,0.0,unknown,False,lean_core;recovery;lean_core,lean_core;recovery;lean_core
132,benchmarks/wordlevel/array/2024/sosylab/array-examples/standard_partition_ground-1.btor2,unknown,False,False,33.57376885972917,7200.0,unknown,False,False,14.681632743217051,7200.0,0.0,unknown,False,lean_core;recovery,lean_core;recovery
133,benchmarks/wordlevel/array/2024/sosylab/array-fpi/brs2.btor2,missing,False,True,3602.5311085712165,7200.0,missing,False,True,3602.309254457243,7200.0,0.0,missing,False,lean_core,lean_core
134,benchmarks/wordlevel/array/2024/sosylab/array-fpi/brs2f.btor2,missing,False,True,3602.6775385839865,7200.0,missing,False,True,3602.2785056466237,7200.0,0.0,missing,False,lean_core,lean_core
135,benchmarks/wordlevel/array/2024/sosylab/array-fpi/brs3f.btor2,missing,False,True,3602.1390600688756,7200.0,missing,False,True,3601.9121383083984,7200.0,0.0,missing,False,lean_core,lean_core
136,benchmarks/wordlevel/array/2024/sosylab/array-fpi/condaf.btor2,unknown,False,False,11.172899016179144,7200.0,missing,False,True,3601.9409362925217,7200.0,0.0,missing,False,lean_core,lean_core
137,benchmarks/wordlevel/array/2024/sosylab/array-fpi/ifcompf.btor2,unknown,False,False,62.25668547861278,7200.0,unknown,False,False,23.918011516332626,7200.0,0.0,unknown,False,lean_core;recovery,lean_core;recovery
138,benchmarks/wordlevel/array/2024/sosylab/array-fpi/ifeqn2f.btor2,unknown,False,False,37.17284147627652,7200.0,unknown,False,False,22.876395156607032,7200.0,0.0,unknown,False,lean_core;recovery;lean_core,lean_core;recovery;lean_core
139,benchmarks/wordlevel/array/2024/sosylab/array-fpi/ifeqn5.btor2,unknown,False,False,64.63285368680954,7200.0,unknown,False,False,34.419065652415156,7200.0,0.0,unknown,False,lean_core;recovery;lean_core,lean_core;recovery;lean_core
140,benchmarks/wordlevel/array/2024/sosylab/array-fpi/s12if.btor2,unknown,False,False,14.413780559785664,7200.0,missing,False,True,3601.5226752990857,7200.0,0.0,missing,False,lean_core,lean_core
141,benchmarks/wordlevel/array/2024/sosylab/array-fpi/s2iff.btor2,missing,False,True,3602.123941993341,7200.0,missing,False,True,3601.758362372406,7200.0,0.0,missing,False,lean_core,lean_core
142,benchmarks/wordlevel/array/2024/sosylab/array-fpi/s3if.btor2,missing,False,True,3602.790227022022,7200.0,missing,False,True,3601.6132884062827,7200.0,0.0,missing,False,lean_core,lean_core
143,benchmarks/wordlevel/array/2024/sosylab/array-fpi/s4liff.btor2,unknown,False,False,11.686152569018304,7200.0,missing,False,True,3601.717536607757,7200.0,0.0,missing,False,lean_core,lean_core
144,benchmarks/wordlevel/array/2024/sosylab/array-industry-pattern/array_assert_loop_dep.btor2,unknown,False,False,14.562248789705336,7200.0,unknown,False,False,10.348663889802992,7200.0,0.0,unknown,False,lean_core;recovery;lean_core;recovery,lean_core;recovery;lean_core;recovery
145,benchmarks/wordlevel/array/2024/sosylab/array-industry-pattern/array_monotonic.btor2,unknown,False,False,250.1248862594366,7200.0,unknown,False,False,71.3103226358071,7200.0,0.0,unknown,False,lean_core;recovery;lean_core;recovery;lean_core;recovery;lean_core,lean_core;recovery;lean_core;recovery;lean_core;recovery;lean_core
146,benchmarks/wordlevel/array/2024/sosylab/array-industry-pattern/array_of_struct_ptr_mul_init.btor2,missing,False,True,3600.6109286108986,7200.0,missing,False,True,3600.184933873825,7200.0,0.0,missing,False,,
147,benchmarks/wordlevel/array/2024/sosylab/array-lopstr16/flag_loopdep.btor2,unknown,False,False,31.76585044618696,7200.0,unknown,False,False,14.531168781220913,7200.0,0.0,unknown,False,lean_core;recovery;lean_core,lean_core;recovery;lean_core
148,benchmarks/wordlevel/array/2024/sosylab/array-patterns/array10_pattern.btor2,unknown,False,False,20.540270158089697,7200.0,unknown,False,False,11.763748437166214,7200.0,0.0,unknown,False,lean_core,lean_core
149,benchmarks/wordlevel/array/2024/sosylab/array-patterns/array16_pattern.btor2,unknown,False,False,28.027208597399294,7200.0,unknown,False,False,20.53829420544207,7200.0,0.0,unknown,False,lean_core;recovery,lean_core;recovery
150,benchmarks/wordlevel/array/2024/sosylab/array-patterns/array17_pattern.btor2,unknown,False,False,37.54820511676371,7200.0,unknown,False,False,19.83076028432697,7200.0,0.0,unknown,False,lean_core;recovery,lean_core;recovery
151,benchmarks/wordlevel/array/2024/sosylab/array-patterns/array18_pattern.btor2,unknown,False,False,35.98985937517136,7200.0,unknown,False,False,8.023072632029653,7200.0,0.0,unknown,False,lean_core,lean_core
152,benchmarks/wordlevel/array/2024/sosylab/array-patterns/array22_pattern.btor2,unknown,False,False,33.08851543813944,7200.0,unknown,False,False,8.80985761899501,7200.0,0.0,unknown,False,lean_core,lean_core
153,benchmarks/wordlevel/array/2024/sosylab/array-patterns/array23_pattern.btor2,unknown,False,False,33.647486075758934,7200.0,unknown,False,False,19.39112865086645,7200.0,0.0,unknown,False,lean_core;recovery,lean_core;recovery
154,benchmarks/wordlevel/array/2024/sosylab/array-patterns/array29_pattern.btor2,missing,False,True,3600.129424585961,7200.0,unknown,False,False,256.70365345012397,7200.0,0.0,unknown,False,lean_core;recovery,lean_core;recovery
155,benchmarks/wordlevel/array/2024/sosylab/array-patterns/array4_pattern.btor2,unknown,False,False,8.028843252919614,7200.0,unknown,False,False,6.062578089535236,7200.0,0.0,unknown,False,lean_core,lean_core
156,benchmarks/wordlevel/array/2024/sosylab/array-patterns/array5_pattern.btor2,unknown,False,False,8.55356527492404,7200.0,unknown,False,False,6.1522496631368995,7200.0,0.0,unknown,False,lean_core,lean_core
157,benchmarks/wordlevel/array/2024/sosylab/array-programs/partial_mod_count_5.btor2,unknown,False,False,40.1316388733685,7200.0,unknown,False,False,20.516144030727446,7200.0,0.0,unknown,False,lean_core;recovery;lean_core,lean_core;recovery;lean_core
158,benchmarks/wordlevel/array/2024/sosylab/array-programs/partial_mod_count_limited_1.btor2,unknown,False,False,60.38186464179307,7200.0,unknown,False,False,35.84533708170056,7200.0,0.0,unknown,False,lean_core;recovery;lean_core,lean_core;recovery;lean_core
159,benchmarks/wordlevel/array/2024/sosylab/array-programs/partial_mod_count_limited_3.btor2,unknown,False,False,98.93779485672712,7200.0,unknown,False,False,51.42546893004328,7200.0,0.0,unknown,False,lean_core;recovery;lean_core,lean_core;recovery;lean_core
160,benchmarks/wordlevel/array/2024/sosylab/array-tiling/mbpr2.btor2,unknown,False,False,375.55611526593566,7200.0,unknown,False,False,271.05685673095286,7200.0,0.0,unknown,False,lean_core;recovery;lean_core,lean_core;recovery;lean_core
161,benchmarks/wordlevel/array/2024/sosylab/array-tiling/skippedu.btor2,unknown,False,False,34.86601563729346,7200.0,unknown,False,False,26.299007650464773,7200.0,0.0,unknown,False,lean_core;recovery;lean_core,lean_core;recovery;lean_core
162,benchmarks/wordlevel/array/2024/sosylab/ddv-machzwd/ddv_machzwd_all.btor2,missing,False,True,3601.0826800232753,7200.0,missing,False,True,3600.39696601592,7200.0,0.0,missing,False,,
163,benchmarks/wordlevel/array/2024/sosylab/ddv-machzwd/ddv_machzwd_inw.btor2,missing,False,True,3601.0645551756024,7200.0,missing,False,True,3600.9947249805555,7200.0,0.0,missing,False,,
164,benchmarks/wordlevel/array/2024/sosylab/ldv-regression/test28-2.btor2,missing,False,True,3600.3606176851317,7200.0,missing,False,True,3601.760534751229,7200.0,0.0,missing,False,,
165,benchmarks/wordlevel/array/2024/sosylab/loops/array-1.btor2,missing,False,True,3601.9149565864354,7200.0,missing,False,True,3601.993518899195,7200.0,0.0,missing,False,lean_core;recovery,lean_core;recovery
166,benchmarks/wordlevel/array/2024/sosylab/loops/n.c11.btor2,unsat,True,False,3.222210074774921,3.222210074774921,unsat,True,False,3.562388436868787,3.562388436868787,-0.34017836209386587,unsat,True,lean_core;recovery;lean_core,lean_core;recovery;lean_core
167,benchmarks/wordlevel/array/2024/sosylab/loops/string-2.btor2,unknown,False,False,12.038687190972269,7200.0,unknown,False,False,9.743531621992588,7200.0,0.0,unknown,False,lean_core,lean_core
168,benchmarks/wordlevel/array/2024/sosylab/product-lines/email_spec11_productSimulator.cil.btor2,missing,False,True,3601.8997761048377,7200.0,missing,False,True,3601.3630387680605,7200.0,0.0,missing,False,,
169,benchmarks/wordlevel/array/2024/sosylab/product-lines/email_spec1_product28.cil.btor2,missing,False,True,3600.7583788363263,7200.0,missing,False,True,3600.462549543008,7200.0,0.0,missing,False,lean_core,lean_core
170,benchmarks/wordlevel/array/2024/sosylab/product-lines/email_spec1_product35.cil.btor2,missing,False,True,3600.1735937241465,7200.0,missing,False,True,3600.7837731605396,7200.0,0.0,missing,False,,
171,benchmarks/wordlevel/array/2024/sosylab/product-lines/email_spec27_product34.cil.btor2,missing,False,True,3600.1768511552364,7200.0,missing,False,True,3600.225022061728,7200.0,0.0,missing,False,lean_core,lean_core
172,benchmarks/wordlevel/array/2024/sosylab/product-lines/email_spec8_product14.cil.btor2,missing,False,True,3600.163969242014,7200.0,missing,False,True,3600.2311446825042,7200.0,0.0,missing,False,lean_core,lean_core
173,benchmarks/wordlevel/array/2024/sosylab/product-lines/email_spec8_product29.cil.btor2,missing,False,True,3600.16871243529,7200.0,missing,False,True,3600.698968410492,7200.0,0.0,missing,False,,
174,benchmarks/wordlevel/array/2024/sosylab/product-lines/email_spec9_product12.cil.btor2,missing,False,True,3600.7856606813148,7200.0,missing,False,True,3600.5954398820177,7200.0,0.0,missing,False,lean_core,lean_core
175,benchmarks/wordlevel/array/2024/sosylab/product-lines/email_spec9_product14.cil.btor2,missing,False,True,3600.1656111422926,7200.0,missing,False,True,3600.2227734178305,7200.0,0.0,missing,False,lean_core,lean_core
176,benchmarks/wordlevel/array/2024/sosylab/product-lines/email_spec9_product26.cil.btor2,missing,False,True,3600.17899476178,7200.0,missing,False,True,3600.2275011837482,7200.0,0.0,missing,False,lean_core,lean_core
177,benchmarks/wordlevel/array/2024/sosylab/product-lines/email_spec9_product35.cil.btor2,missing,False,True,3600.160759534687,7200.0,missing,False,True,3600.90386958234,7200.0,0.0,missing,False,,
178,benchmarks/wordlevel/array/2024/sosylab/reducercommutativity/max05-1.btor2,unknown,False,False,35.64199431613088,7200.0,unknown,False,False,37.84472579322755,7200.0,0.0,unknown,False,lean_core,lean_core
179,benchmarks/wordlevel/array/2024/sosylab/reducercommutativity/max10-1.btor2,unknown,False,False,39.56034997291863,7200.0,unknown,False,False,38.45401794556528,7200.0,0.0,unknown,False,lean_core,lean_core
180,benchmarks/wordlevel/array/2024/sosylab/reducercommutativity/sep20-1.btor2,unknown,False,False,39.62079306785017,7200.0,unknown,False,False,38.89293091464788,7200.0,0.0,unknown,False,lean_core,lean_core
181,benchmarks/wordlevel/array/2024/sosylab/reducercommutativity/sep40-1.btor2,unknown,False,False,42.18062917329371,7200.0,unknown,False,False,39.37027316913009,7200.0,0.0,unknown,False,lean_core,lean_core
182,benchmarks/wordlevel/array/2024/sosylab/seq-mthreaded/rekcba_aso.1.M4-2.btor2,missing,False,True,3602.983102542348,7200.0,missing,False,True,3604.042670798488,7200.0,0.0,missing,False,,
183,benchmarks/wordlevel/array/2024/sosylab/seq-mthreaded/rekcba_aso.2.M1-2.btor2,missing,False,True,3600.603935342282,7200.0,missing,False,True,3600.7042699893937,7200.0,0.0,missing,False,,
184,benchmarks/wordlevel/array/2024/sosylab/seq-mthreaded/rekcba_aso.4.M4.btor2,missing,False,True,3602.2904243106022,7200.0,missing,False,True,3603.669015534222,7200.0,0.0,missing,False,,
185,benchmarks/wordlevel/array/2024/sosylab/seq-mthreaded/rekcba_ctm.2-2.btor2,missing,False,True,3600.2103731213138,7200.0,missing,False,True,3600.228970478289,7200.0,0.0,missing,False,,
186,benchmarks/wordlevel/array/2024/sosylab/seq-mthreaded/rekh_ctm.1.btor2,missing,False,True,3600.1835206858814,7200.0,missing,False,True,3600.223806971684,7200.0,0.0,missing,False,,
187,benchmarks/wordlevel/array/2024/sosylab/seq-mthreaded/rekh_ctm.3-2.btor2,missing,False,True,3600.2097441283986,7200.0,missing,False,True,3600.3560013901442,7200.0,0.0,missing,False,,
188,benchmarks/wordlevel/array/2024/sosylab/seq-mthreaded/rekh_nxt.1.M1-1.btor2,missing,False,True,3602.1335542714223,7200.0,missing,False,True,3603.7758307931945,7200.0,0.0,missing,False,,
189,benchmarks/wordlevel/array/2024/sosylab/seq-mthreaded/rekh_nxt.3.M1.btor2,missing,False,True,3602.074024638161,7200.0,missing,False,True,3603.7299694437534,7200.0,0.0,missing,False,,
190,benchmarks/wordlevel/array/2025/sosylab/liveness-l2s-func/array-examples/sanfoundry_24-1.btor2,missing,False,True,3600.336463377811,7200.0,missing,False,True,3602.539837764576,7200.0,0.0,missing,False,lean_core,lean_core
191,benchmarks/wordlevel/array/2025/sosylab/liveness-l2s-func/array-industry-pattern/array_assert_loop_dep.btor2,missing,False,True,3600.479167498648,7200.0,missing,False,True,3600.5609326120466,7200.0,0.0,missing,False,lean_core;cex_diverse;recovery;recovery;lean_core;recovery;lean_core;recovery;lean_core;recovery;lean_core;recovery;recovery;lean_core;lean_core;recovery;lean_core;recovery;lean_core;lean_core;lean_core;recovery;recovery;recovery,lean_core;cex_diverse;recovery;recovery;lean_core;recovery;lean_core;recovery;lean_core;recovery;lean_core;recovery;recovery;lean_core;lean_core;recovery;lean_core;recovery;lean_core;lean_core;lean_core;recovery;recovery;recovery
192,benchmarks/wordlevel/array/2025/sosylab/liveness-l2s-func/loop-crafted/simple_array_index_value_1-1.btor2,missing,False,True,3600.285913646221,7200.0,missing,False,True,3600.461745732464,7200.0,0.0,missing,False,lean_core;cex_diverse;recovery;lean_core;recovery;recovery;lean_core;recovery;lean_core;lean_core;recovery;lean_core;recovery;lean_core;recovery;lean_core;recovery,lean_core;cex_diverse;recovery;lean_core;recovery;recovery;lean_core;recovery;lean_core;lean_core;recovery;lean_core;recovery;lean_core;recovery;lean_core;recovery
193,benchmarks/wordlevel/array/2025/sosylab/liveness-l2s-func/loop-crafted/simple_array_index_value_4.btor2,missing,False,True,3600.5063458941877,7200.0,missing,False,True,3600.5872085131705,7200.0,0.0,missing,False,lean_core;cex_diverse;recovery;recovery;lean_core;lean_core;recovery;lean_core;recovery;lean_core;recovery;lean_core,lean_core;cex_diverse;recovery;recovery;lean_core;lean_core;recovery;lean_core;recovery;lean_core;recovery;lean_core
194,benchmarks/wordlevel/array/2025/sosylab/liveness-l2s-func/reducercommutativity/max.btor2,unknown,False,False,47.6034519681707,7200.0,unknown,False,False,243.59568832814693,7200.0,0.0,unknown,False,lean_core;cex_diverse;recovery;recovery;lean_core;cex_diverse,lean_core;cex_diverse;recovery;recovery;lean_core;cex_diverse
195,benchmarks/wordlevel/array/2025/sosylab/liveness-l2s-func/reducercommutativity/max10-1.btor2,missing,False,True,3600.5214446140453,7200.0,missing,False,True,3600.3890681965277,7200.0,0.0,missing,False,lean_core;cex_diverse;recovery;lean_core;recovery;cex_diverse;lean_core;recovery;lean_core;lean_core,lean_core;cex_diverse;recovery;lean_core;recovery;cex_diverse;lean_core;recovery;lean_core;lean_core
196,benchmarks/wordlevel/array/2025/sosylab/liveness-l2s-func/termination-crafted/LexIndexValue-Array-1.btor2,missing,False,True,3600.7915714122355,7200.0,missing,False,True,3600.628858537413,7200.0,0.0,missing,False,lean_core;cex_diverse;recovery;recovery;lean_core;recovery;lean_core;recovery;lean_core;recovery;lean_core;recovery;lean_core;recovery;recovery;lean_core;lean_core;lean_core;recovery;lean_core,lean_core;cex_diverse;recovery;recovery;lean_core;recovery;lean_core;recovery;lean_core;recovery;lean_core;recovery;lean_core;recovery;recovery;lean_core;lean_core;lean_core;recovery;lean_core
197,benchmarks/wordlevel/array/2025/sosylab/liveness-l2s-rel/loop-acceleration/array_3-1.btor2,unknown,False,False,47.383071502670646,7200.0,missing,False,True,3602.8944395901635,7200.0,0.0,missing,False,lean_core;cex_diverse,lean_core;cex_diverse
198,benchmarks/wordlevel/array/2025/sosylab/liveness-l2s-rel/loop-acceleration/array_3-2.btor2,unknown,False,False,47.945033558644354,7200.0,missing,False,True,3602.390820930712,7200.0,0.0,missing,False,lean_core;cex_diverse,lean_core;cex_diverse
199,benchmarks/wordlevel/array/2025/sosylab/liveness-l2s-rel/loop-crafted/simple_array_index_value_3.btor2,unknown,False,False,64.25262353103608,7200.0,unsat,True,False,58.238755566999316,58.238755566999316,7141.761244433001,unsat,True,lean_core;cex_diverse;recovery;lean_core,lean_core;cex_diverse;recovery;lean_core
200,benchmarks/wordlevel/array/2025/sosylab/liveness-l2s-rel/loops/string-1.btor2,unknown,False,False,2845.730220593512,7200.0,missing,False,True,3603.9102385817096,7200.0,0.0,missing,False,lean_core;cex_diverse,lean_core;cex_diverse
201,benchmarks/wordlevel/array/2025/sosylab/liveness-l2s-rel/reducercommutativity/max.btor2,unknown,False,False,3058.938810976222,7200.0,unknown,False,False,2496.7936316188425,7200.0,0.0,missing,False,lean_core;cex_diverse;recovery;lean_core,lean_core;cex_diverse;recovery;lean_core
202,benchmarks/wordlevel/array/2025/sosylab/safety-func/array-crafted/mapavg5.btor2,unknown,False,False,62.79916915297508,7200.0,missing,False,True,3600.176048958674,7200.0,0.0,missing,False,lean_core;cex_diverse;recovery,lean_core;cex_diverse;recovery
203,benchmarks/wordlevel/array/2025/sosylab/safety-func/array-examples/standard_init3_ground-1.btor2,missing,False,True,3600.980594534427,7200.0,missing,False,True,3600.567370230332,7200.0,0.0,missing,False,lean_core;cex_diverse;recovery;lean_core;lean_core;recovery;recovery;lean_core,lean_core;cex_diverse;recovery;lean_core;lean_core;recovery;recovery;lean_core
204,benchmarks/wordlevel/array/2025/sosylab/safety-func/array-examples/standard_sentinel.i.v+cfa-reducer.btor2,missing,False,True,3600.8520758915693,7200.0,missing,False,True,3600.602813469246,7200.0,0.0,missing,False,lean_core;cex_diverse;recovery;lean_core;lean_core;recovery;lean_core;recovery;lean_core;recovery;lean_core;recovery;lean_core;recovery;lean_core;recovery;lean_core,lean_core;cex_diverse;recovery;lean_core;lean_core;recovery;lean_core;recovery;lean_core;recovery;lean_core;recovery;lean_core;recovery;lean_core;recovery;lean_core
205,benchmarks/wordlevel/array/2025/sosylab/safety-func/array-fpi/eqn1.btor2,unknown,False,False,4.218766200356185,7200.0,missing,False,True,3608.2588295359164,7200.0,0.0,missing,False,lean_core;cex_diverse,lean_core;cex_diverse
206,benchmarks/wordlevel/array/2025/sosylab/safety-func/array-fpi/ifcomp.btor2,unknown,False,False,5.522855202667415,7200.0,missing,False,True,3607.287462715991,7200.0,0.0,missing,False,lean_core;cex_diverse;recovery,lean_core;cex_diverse;recovery
207,benchmarks/wordlevel/array/2025/sosylab/safety-func/array-fpi/ifcompf.btor2,unknown,False,False,4.71570311114192,7200.0,missing,False,True,3600.1340550426394,7200.0,0.0,missing,False,lean_core,lean_core
208,benchmarks/wordlevel/array/2025/sosylab/safety-func/array-fpi/res1.btor2,unknown,False,False,6.643123679794371,7200.0,missing,False,True,3607.22839644365,7200.0,0.0,missing,False,lean_core;cex_diverse;recovery;lean_core,lean_core;cex_diverse;recovery;lean_core
209,benchmarks/wordlevel/array/2025/sosylab/safety-func/array-fpi/res2.btor2,unknown,False,False,7.181371123529971,7200.0,missing,False,True,3604.580521253869,7200.0,0.0,missing,False,lean_core;cex_diverse;recovery;lean_core,lean_core;cex_diverse;recovery;lean_core
210,benchmarks/wordlevel/array/2025/sosylab/safety-func/array-fpi/s1if.btor2,missing,False,True,3602.3176512233913,7200.0,missing,False,True,3608.698745326139,7200.0,0.0,missing,False,lean_core;cex_diverse;recovery,lean_core;cex_diverse;recovery
211,benchmarks/wordlevel/array/2025/sosylab/safety-func/array-fpi/s5iff.btor2,missing,False,True,3602.1018748534843,7200.0,missing,False,True,3602.1260186089203,7200.0,0.0,missing,False,lean_core;cex_diverse;recovery;lean_core;lean_core,lean_core;cex_diverse;recovery;lean_core;lean_core
212,benchmarks/wordlevel/array/2025/sosylab/safety-func/array-fpi/s5lif.btor2,unknown,False,False,1.9553061909973621,7200.0,missing,False,True,3601.0529881371185,7200.0,0.0,missing,False,lean_core;cex_diverse;recovery,lean_core;cex_diverse;recovery
213,benchmarks/wordlevel/array/2025/sosylab/safety-func/array-fpi/ss1.btor2,unknown,False,False,83.73832494392991,7200.0,missing,False,True,3607.19190606568,7200.0,0.0,missing,False,lean_core;cex_diverse;recovery,lean_core;cex_diverse;recovery
214,benchmarks/wordlevel/array/2025/sosylab/safety-func/array-industry-pattern/array_assert_loop_dep.btor2,missing,False,True,3601.038631011732,7200.0,missing,False,True,3601.1910058492795,7200.0,0.0,missing,False,lean_core;cex_diverse;recovery;recovery;lean_core;recovery;lean_core;recovery;lean_core;recovery;lean_core;recovery;lean_core;recovery;lean_core;recovery;lean_core;recovery;lean_core;recovery;lean_core;recovery;lean_core;recovery,lean_core;cex_diverse;recovery;recovery;lean_core;recovery;lean_core;recovery;lean_core;recovery;lean_core;recovery;lean_core;recovery;lean_core;recovery;lean_core;recovery;lean_core;recovery;lean_core;recovery;lean_core;recovery
215,benchmarks/wordlevel/array/2025/sosylab/safety-func/array-industry-pattern/array_shadowinit.btor2,unknown,False,False,2.1739333597943187,7200.0,missing,False,True,3608.019871234894,7200.0,0.0,missing,False,lean_core;cex_diverse,lean_core;cex_diverse
216,benchmarks/wordlevel/array/2025/sosylab/safety-func/array-lopstr16/flag_loopdep_simple.btor2,missing,False,True,3600.774758759886,7200.0,missing,False,True,3601.236357230693,7200.0,0.0,missing,False,lean_core;cex_diverse;recovery;lean_core;recovery;lean_core;recovery;lean_core;recovery;lean_core;recovery;lean_core;recovery;lean_core,lean_core;cex_diverse;recovery;lean_core;recovery;lean_core;recovery;lean_core;recovery;lean_core;recovery;lean_core;recovery;lean_core
217,benchmarks/wordlevel/array/2025/sosylab/safety-func/array-patterns/array28_pattern.btor2,unknown,False,False,3.28035525418818,7200.0,unknown,False,False,97.62279415596277,7200.0,0.0,unknown,False,lean_core;cex_diverse;recovery,lean_core;cex_diverse;recovery
218,benchmarks/wordlevel/array/2025/sosylab/safety-func/array-programs/partial_mod_count_4.btor2,missing,False,True,3600.8846190972254,7200.0,missing,False,True,3601.4050608435646,7200.0,0.0,missing,False,lean_core;cex_diverse;recovery;recovery;lean_core;lean_core;recovery;recovery;lean_core;lean_core;recovery;recovery;lean_core;lean_core;recovery,lean_core;cex_diverse;recovery;recovery;lean_core;lean_core;recovery;recovery;lean_core;lean_core;recovery;recovery;lean_core;lean_core;recovery
219,benchmarks/wordlevel/array/2025/sosylab/safety-func/array-tiling/mbpr5.btor2,unknown,False,False,10.333582377061248,7200.0,missing,False,True,3606.5941419275478,7200.0,0.0,missing,False,lean_core;cex_diverse;recovery,lean_core;cex_diverse;recovery
220,benchmarks/wordlevel/array/2025/sosylab/safety-func/array-tiling/rewnifrev2.btor2,unknown,False,False,36.95519951824099,7200.0,missing,False,True,3605.5012998702005,7200.0,0.0,missing,False,lean_core;cex_diverse,lean_core;cex_diverse
221,benchmarks/wordlevel/array/2025/sosylab/safety-func/array-tiling/skipped.btor2,unknown,False,False,7.261427597142756,7200.0,missing,False,True,3605.037257003598,7200.0,0.0,missing,False,lean_core;cex_diverse;recovery;lean_core,lean_core;cex_diverse;recovery;lean_core
222,benchmarks/wordlevel/array/2025/sosylab/safety-func/ntdrivers/kbfiltr.i.cil-2.btor2,missing,False,True,3601.750871977769,7200.0,missing,False,True,3607.3099344186485,7200.0,0.0,missing,False,,
223,benchmarks/wordlevel/array/2025/sosylab/safety-func/reducercommutativity/avg10-2.btor2,missing,False,True,3600.7054282566532,7200.0,missing,False,True,3601.328438002616,7200.0,0.0,missing,False,lean_core;cex_diverse;recovery;lean_core,lean_core;cex_diverse;recovery;lean_core
224,benchmarks/wordlevel/array/2025/sosylab/safety-rel/array-examples/sorting_bubblesort_ground-1.btor2,unknown,False,False,26.370090302079916,7200.0,unknown,False,False,6.236050082370639,7200.0,0.0,unknown,False,lean_core,lean_core
225,benchmarks/wordlevel/array/2025/sosylab/safety-rel/array-examples/standard_copy9_ground-1.btor2,unknown,False,False,39.59133515600115,7200.0,unknown,False,False,34.392996173352,7200.0,0.0,unknown,False,lean_core;recovery,lean_core;recovery
226,benchmarks/wordlevel/array/2025/sosylab/safety-rel/array-examples/standard_init7_ground-2.btor2,unknown,False,False,17.299643729813397,7200.0,unknown,False,False,13.387942022643983,7200.0,0.0,unknown,False,lean_core;recovery;lean_core,lean_core;recovery;lean_core
227,benchmarks/wordlevel/array/2025/sosylab/safety-rel/array-examples/standard_partial_init_ground.btor2,unknown,False,False,13.900223372504115,7200.0,unknown,False,False,13.330992507748306,7200.0,0.0,unknown,False,lean_core;recovery,lean_core;recovery
228,benchmarks/wordlevel/array/2025/sosylab/safety-rel/array-examples/standard_two_index_07.btor2,unknown,False,False,15.371554900892079,7200.0,unknown,False,False,6.986159399151802,7200.0,0.0,unknown,False,lean_core;recovery;lean_core,lean_core;recovery;lean_core
229,benchmarks/wordlevel/array/2025/sosylab/safety-rel/array-fpi/ifeqn2.btor2,unknown,False,False,48.76151925511658,7200.0,unknown,False,False,28.72957561351359,7200.0,0.0,unknown,False,lean_core;recovery;lean_core,lean_core;recovery;lean_core
230,benchmarks/wordlevel/array/2025/sosylab/safety-rel/array-fpi/s3if.btor2,missing,False,True,3602.1926346020773,7200.0,missing,False,True,3601.9477248517796,7200.0,0.0,missing,False,lean_core,lean_core
231,benchmarks/wordlevel/array/2025/sosylab/safety-rel/array-industry-pattern/array_of_struct_loop_dep.btor2,missing,False,True,3601.207499035634,7200.0,missing,False,True,3600.3215942624956,7200.0,0.0,missing,False,,
232,benchmarks/wordlevel/array/2025/sosylab/safety-rel/array-multidimensional/diff-3-n-u.btor2,unknown,False,False,77.44721300248057,7200.0,unknown,False,False,86.36372460704297,7200.0,0.0,unknown,False,lean_core;recovery;lean_core,lean_core;recovery;lean_core
233,benchmarks/wordlevel/array/2025/sosylab/safety-rel/array-patterns/array15_pattern.btor2,unknown,False,False,39.18758429400623,7200.0,unknown,False,False,7.434761990793049,7200.0,0.0,unknown,False,lean_core,lean_core
234,benchmarks/wordlevel/array/2025/sosylab/safety-rel/array-patterns/array16_pattern.btor2,unknown,False,False,32.34468153305352,7200.0,unknown,False,False,17.702115367166698,7200.0,0.0,unknown,False,lean_core;recovery,lean_core;recovery
235,benchmarks/wordlevel/array/2025/sosylab/safety-rel/array-patterns/array28_pattern.btor2,unknown,False,False,119.67895016353577,7200.0,unknown,False,False,67.62749039847404,7200.0,0.0,unknown,False,lean_core;recovery;lean_core,lean_core;recovery;lean_core
236,benchmarks/wordlevel/array/2025/sosylab/safety-rel/array-programs/partial_mod_count_limited_4.btor2,unknown,False,False,61.07112036366016,7200.0,unknown,False,False,37.91341467946768,7200.0,0.0,unknown,False,lean_core;recovery;lean_core,lean_core;recovery;lean_core
237,benchmarks/wordlevel/array/2025/sosylab/safety-rel/array-programs/partial_mod_count_limited_5.btor2,unknown,False,False,71.10458675026894,7200.0,unknown,False,False,51.9340810244903,7200.0,0.0,unknown,False,lean_core;recovery;lean_core,lean_core;recovery;lean_core
238,benchmarks/wordlevel/array/2025/sosylab/safety-rel/array-programs/partial_mod_count_limited_base.btor2,unknown,False,False,27.649978399276733,7200.0,unknown,False,False,14.639057634398341,7200.0,0.0,unknown,False,lean_core;recovery;lean_core,lean_core;recovery;lean_core
239,benchmarks/wordlevel/array/2025/sosylab/safety-rel/array-tiling/mbpr5.btor2,missing,False,True,3603.846363702789,7200.0,missing,False,True,3602.442856534384,7200.0,0.0,missing,False,lean_core;recovery;lean_core,lean_core;recovery;lean_core
240,benchmarks/wordlevel/array/2025/sosylab/safety-rel/array-tiling/pr3.btor2,missing,False,True,3603.8353490559384,7200.0,missing,False,True,3601.5556617425755,7200.0,0.0,missing,False,lean_core;recovery,lean_core;recovery
241,benchmarks/wordlevel/array/2025/sosylab/safety-rel/loop-lit/mcmillan2006.btor2,missing,False,True,3602.2065296452492,7200.0,unknown,False,False,2244.9084079721943,7200.0,0.0,missing,False,lean_core;recovery;lean_core,lean_core;recovery;lean_core
242,benchmarks/wordlevel/array/2025/sosylab/safety-rel/loops/compact.btor2,unknown,False,False,3.3151399297639728,7200.0,unknown,False,False,1.4779613260179758,7200.0,0.0,unknown,False,lean_core,lean_core
243,benchmarks/wordlevel/array/2025/sosylab/safety-rel/loops/vogal-1.btor2,unknown,False,False,42.14525191951543,7200.0,unknown,False,False,3.423681494779885,7200.0,0.0,unknown,False,lean_core,lean_core
244,benchmarks/wordlevel/array/2025/sosylab/safety-rel/loops/vogal-2.btor2,unknown,False,False,43.166392176412046,7200.0,unknown,False,False,3.9129482954740524,7200.0,0.0,unknown,False,lean_core,lean_core
245,benchmarks/wordlevel/array/2025/sosylab/safety-rel/memory-model/4SB.btor2,missing,False,True,3600.4432536261156,7200.0,missing,False,True,3600.8503835378215,7200.0,0.0,missing,False,,
246,benchmarks/wordlevel/array/2025/sosylab/safety-rel/reducercommutativity/avg60-1.btor2,unknown,False,False,94.86447496898472,7200.0,unknown,False,False,58.20935783814639,7200.0,0.0,unknown,False,lean_core,lean_core
247,benchmarks/wordlevel/array/2025/sosylab/safety-rel/seq-mthreaded/rekcba_aso.1.M1-2.btor2,missing,False,True,3601.545803271234,7200.0,missing,False,True,3600.5416337437928,7200.0,0.0,missing,False,,
248,benchmarks/wordlevel/array/2025/sosylab/safety-rel/verifythis/duplets.btor2,missing,False,True,3604.522081008181,7200.0,missing,False,True,3602.456243299879,7200.0,0.0,missing,False,lean_core,lean_core
249,benchmarks/wordlevel/array/2025/sosylab/safety-rel/verifythis/elimination_max.btor2,missing,False,True,3602.9784089718014,7200.0,missing,False,True,3601.501270070672,7200.0,0.0,missing,False,lean_core,lean_core
250,benchmarks/wordlevel/array/2025/yosyshq/riscv_formal_nerv_axi_cache_bus_dmem_ch0-p11.btor2,missing,False,True,3600.320805487223,7200.0,missing,False,True,3600.163092358038,7200.0,0.0,missing,False,lean_core,lean_core
251,benchmarks/wordlevel/array/2025/yosyshq/riscv_formal_nerv_axi_cache_bus_dmem_ch0-p13.btor2,missing,False,True,3600.3271137867123,7200.0,missing,False,True,3600.4069613302127,7200.0,0.0,missing,False,,
252,benchmarks/wordlevel/array/2025/yosyshq/riscv_formal_nerv_axi_cache_bus_dmem_ch0-p2.btor2,missing,False,True,3600.325285871513,7200.0,missing,False,True,3600.2489758608863,7200.0,0.0,missing,False,,
253,benchmarks/wordlevel/array/2025/yosyshq/riscv_formal_nerv_axi_cache_bus_dmem_ch0-p3.btor2,missing,False,True,3600.3131531039253,7200.0,missing,False,True,3600.1885194964707,7200.0,0.0,missing,False,lean_core,lean_core
254,benchmarks/wordlevel/array/2025/yosyshq/riscv_formal_nerv_axi_cache_bus_dmem_ch0-p6.btor2,missing,False,True,3600.16996446345,7200.0,missing,False,True,3600.1555915456265,7200.0,0.0,missing,False,,
255,benchmarks/wordlevel/array/2025/yosyshq/riscv_formal_nerv_axi_cache_bus_dmem_ch0-p7.btor2,missing,False,True,3600.1742269378155,7200.0,missing,False,True,3600.1895357398316,7200.0,0.0,missing,False,lean_core,lean_core
256,benchmarks/wordlevel/array/2025/yosyshq/riscv_formal_nerv_axi_cache_bus_dmem_ch0-p8.btor2,missing,False,True,3600.121169474907,7200.0,missing,False,True,3600.6260498771444,7200.0,0.0,missing,False,,
257,benchmarks/wordlevel/array/2025/yosyshq/riscv_formal_nerv_axi_cache_bus_dmem_ch0_faulty-p14.btor2,missing,False,True,3600.3417089618742,7200.0,missing,False,True,3600.1635159403086,7200.0,0.0,missing,False,lean_core,lean_core
258,benchmarks/wordlevel/array/2025/yosyshq/riscv_formal_nerv_axi_cache_bus_dmem_ch0_faulty-p2.btor2,missing,False,True,3600.336911498569,7200.0,missing,False,True,3600.1699106367305,7200.0,0.0,missing,False,lean_core,lean_core
259,benchmarks/wordlevel/array/2025/yosyshq/riscv_formal_nerv_axi_cache_bus_dmem_ch0_faulty-p3.btor2,missing,False,True,3600.342324528843,7200.0,missing,False,True,3600.1566803343594,7200.0,0.0,missing,False,lean_core,lean_core
260,benchmarks/wordlevel/array/2025/yosyshq/riscv_formal_nerv_axi_cache_bus_dmem_fault_ch0-p1.btor2,missing,False,True,3600.107922495343,7200.0,missing,False,True,3600.1526752077043,7200.0,0.0,missing,False,lean_core,lean_core
261,benchmarks/wordlevel/array/2025/yosyshq/riscv_formal_nerv_axi_cache_bus_dmem_fault_ch0-p12.btor2,missing,False,True,3600.3047673050314,7200.0,missing,False,True,3600.1527593173087,7200.0,0.0,missing,False,lean_core,lean_core
262,benchmarks/wordlevel/array/2025/yosyshq/riscv_formal_nerv_axi_cache_bus_dmem_fault_ch0-p15.btor2,missing,False,True,3600.335634036921,7200.0,missing,False,True,3600.1582888718694,7200.0,0.0,missing,False,lean_core,lean_core
263,benchmarks/wordlevel/array/2025/yosyshq/riscv_formal_nerv_axi_cache_bus_dmem_fault_ch0-p18.btor2,missing,False,True,3600.334133981727,7200.0,missing,False,True,3600.1497253691778,7200.0,0.0,missing,False,lean_core,lean_core
264,benchmarks/wordlevel/array/2025/yosyshq/riscv_formal_nerv_axi_cache_bus_dmem_fault_ch0-p19.btor2,missing,False,True,3600.3375217551365,7200.0,missing,False,True,3600.1242312137038,7200.0,0.0,missing,False,lean_core,lean_core
265,benchmarks/wordlevel/array/2025/yosyshq/riscv_formal_nerv_axi_cache_bus_dmem_fault_ch0-p2.btor2,missing,False,True,3600.333049722947,7200.0,missing,False,True,3600.114255153574,7200.0,0.0,missing,False,lean_core,lean_core
266,benchmarks/wordlevel/array/2025/yosyshq/riscv_formal_nerv_axi_cache_bus_dmem_fault_ch0-p23.btor2,missing,False,True,3600.27938492503,7200.0,missing,False,True,3600.1120150173083,7200.0,0.0,missing,False,lean_core,lean_core
267,benchmarks/wordlevel/array/2025/yosyshq/riscv_formal_nerv_axi_cache_bus_dmem_fault_ch0_faulty-p14.btor2,missing,False,True,3600.31950383354,7200.0,missing,False,True,3600.1528131105006,7200.0,0.0,missing,False,,
268,benchmarks/wordlevel/array/2025/yosyshq/riscv_formal_nerv_axi_cache_bus_dmem_fault_ch0_faulty-p15.btor2,missing,False,True,3600.3280504811555,7200.0,missing,False,True,3600.1101391473785,7200.0,0.0,missing,False,lean_core;cex_diverse,lean_core
269,benchmarks/wordlevel/array/2025/yosyshq/riscv_formal_nerv_axi_cache_bus_dmem_fault_ch0_faulty-p17.btor2,missing,False,True,3600.329971199855,7200.0,missing,False,True,3600.106588156894,7200.0,0.0,missing,False,lean_core,lean_core
270,benchmarks/wordlevel/array/2025/yosyshq/riscv_formal_nerv_axi_cache_bus_dmem_fault_ch0_faulty-p19.btor2,missing,False,True,3600.307540888898,7200.0,missing,False,True,3600.1050478788093,7200.0,0.0,missing,False,lean_core,lean_core
271,benchmarks/wordlevel/array/2025/yosyshq/riscv_formal_nerv_axi_cache_bus_dmem_fault_ch0_faulty-p2.btor2,missing,False,True,3600.3115047561005,7200.0,missing,False,True,3600.1586861647666,7200.0,0.0,missing,False,lean_core;cex_diverse,lean_core;cex_diverse
272,benchmarks/wordlevel/array/2025/yosyshq/riscv_formal_nerv_axi_cache_bus_dmem_fault_ch0_faulty-p22.btor2,missing,False,True,3600.299399552867,7200.0,missing,False,True,3600.1559386644512,7200.0,0.0,missing,False,lean_core,lean_core
273,benchmarks/wordlevel/array/2025/yosyshq/riscv_formal_nerv_axi_cache_bus_dmem_fault_ch0_faulty-p24.btor2,missing,False,True,3600.307591320947,7200.0,missing,False,True,3600.1912631578743,7200.0,0.0,missing,False,lean_core;cex_diverse,lean_core
274,benchmarks/wordlevel/array/2025/yosyshq/riscv_formal_nerv_axi_cache_bus_dmem_fault_ch0_faulty-p6.btor2,missing,False,True,3600.461750326678,7200.0,missing,False,True,3600.337681008503,7200.0,0.0,missing,False,,
275,benchmarks/wordlevel/array/2025/yosyshq/riscv_formal_nerv_axi_cache_bus_dmem_fault_ch0_faulty-p7.btor2,missing,False,True,3600.4544800091535,7200.0,missing,False,True,3600.1980151953176,7200.0,0.0,missing,False,lean_core;cex_diverse,lean_core
276,benchmarks/wordlevel/array/2025/yosyshq/riscv_formal_nerv_axi_cache_bus_dmem_io_order_ch0-p9.btor2,missing,False,True,3600.4566507823765,7200.0,missing,False,True,3600.1471080705523,7200.0,0.0,missing,False,lean_core,lean_core
277,benchmarks/wordlevel/array/2025/yosyshq/riscv_formal_nerv_axi_cache_bus_dmem_io_read_ch0-p11.btor2,missing,False,True,3600.4539526412264,7200.0,missing,False,True,3600.160897053778,7200.0,0.0,missing,False,lean_core,lean_core
278,benchmarks/wordlevel/array/2025/yosyshq/riscv_formal_nerv_axi_cache_bus_dmem_io_read_ch0-p13.btor2,missing,False,True,3600.4128530211747,7200.0,missing,False,True,3600.1955343019217,7200.0,0.0,missing,False,lean_core;cex_diverse,lean_core
279,benchmarks/wordlevel/array/2025/yosyshq/riscv_formal_nerv_axi_cache_bus_dmem_io_read_ch0-p2.btor2,unsat,True,False,1.0751465559005737,1.0751465559005737,unsat,True,False,0.6720650373026729,0.6720650373026729,0.40308151859790087,unsat,True,,
280,benchmarks/wordlevel/array/2025/yosyshq/riscv_formal_nerv_axi_cache_bus_dmem_io_read_ch0-p3.btor2,missing,False,True,3600.43347982876,7200.0,missing,False,True,3600.6096387421712,7200.0,0.0,missing,False,,
281,benchmarks/wordlevel/array/2025/yosyshq/riscv_formal_nerv_axi_cache_bus_dmem_io_read_fault_ch0-p2.btor2,unsat,True,False,1.0028787283226848,1.0028787283226848,unsat,True,False,0.6448385063558817,0.6448385063558817,0.3580402219668031,unsat,True,,
282,benchmarks/wordlevel/array/2025/yosyshq/riscv_formal_nerv_axi_cache_bus_dmem_io_read_fault_ch0-p7.btor2,missing,False,True,3600.357524421066,7200.0,missing,False,True,3600.2345769237727,7200.0,0.0,missing,False,lean_core,lean_core
283,benchmarks/wordlevel/array/2025/yosyshq/riscv_formal_nerv_axi_cache_bus_dmem_io_write_ch0-p1.btor2,missing,False,True,3600.458881324157,7200.0,missing,False,True,3600.179747272283,7200.0,0.0,missing,False,lean_core,lean_core
284,benchmarks/wordlevel/array/2025/yosyshq/riscv_formal_nerv_axi_cache_bus_dmem_io_write_ch0-p12.btor2,missing,False,True,3600.435484114103,7200.0,missing,False,True,3600.15278812591,7200.0,0.0,missing,False,lean_core,lean_core
285,benchmarks/wordlevel/array/2025/yosyshq/riscv_formal_nerv_axi_cache_bus_dmem_io_write_ch0-p14.btor2,missing,False,True,3600.4018256329,7200.0,missing,False,True,3600.269411464222,7200.0,0.0,missing,False,lean_core,lean_core
286,benchmarks/wordlevel/array/2025/yosyshq/riscv_formal_nerv_axi_cache_bus_dmem_io_write_ch0-p5.btor2,missing,False,True,3600.446640760638,7200.0,missing,False,True,3600.5397881614044,7200.0,0.0,missing,False,,
287,benchmarks/wordlevel/array/2025/yosyshq/riscv_formal_nerv_axi_cache_bus_dmem_io_write_fault_ch0-p10.btor2,missing,False,True,3600.4487320929766,7200.0,missing,False,True,3600.2103757653385,7200.0,0.0,missing,False,lean_core;cex_diverse,lean_core
288,benchmarks/wordlevel/array/2025/yosyshq/riscv_formal_nerv_axi_cache_bus_dmem_io_write_fault_ch0-p6.btor2,missing,False,True,3600.427318538539,7200.0,missing,False,True,3600.145247832872,7200.0,0.0,missing,False,lean_core,lean_core
289,benchmarks/wordlevel/array/2025/yosyshq/riscv_formal_nerv_axi_cache_bus_imem_ch0-p1.btor2,missing,False,True,3600.1079228464514,7200.0,missing,False,True,3600.1516991024837,7200.0,0.0,missing,False,lean_core,lean_core
290,benchmarks/wordlevel/array/2025/yosyshq/riscv_formal_nerv_axi_cache_bus_imem_ch0-p10.btor2,missing,False,True,3600.436586882919,7200.0,missing,False,True,3600.4644921850413,7200.0,0.0,missing,False,,
291,benchmarks/wordlevel/array/2025/yosyshq/riscv_formal_nerv_axi_cache_bus_imem_ch0-p12.btor2,missing,False,True,3600.4459298187867,7200.0,missing,False,True,3600.227273591794,7200.0,0.0,missing,False,lean_core,lean_core
292,benchmarks/wordlevel/array/2025/yosyshq/riscv_formal_nerv_axi_cache_bus_imem_ch0-p14.btor2,missing,False,True,3600.1248744763434,7200.0,missing,False,True,3600.1581059787422,7200.0,0.0,missing,False,lean_core,lean_core
293,benchmarks/wordlevel/array/2025/yosyshq/riscv_formal_nerv_axi_cache_bus_imem_ch0-p7.btor2,missing,False,True,3600.4425891293213,7200.0,missing,False,True,3600.1512038707733,7200.0,0.0,missing,False,lean_core,
294,benchmarks/wordlevel/array/2025/yosyshq/riscv_formal_nerv_axi_cache_bus_imem_ch0-p8.btor2,unsat,True,False,1.399517696350813,1.399517696350813,unsat,True,False,1.0334506398066878,1.0334506398066878,0.3660670565441251,unsat,True,,
295,benchmarks/wordlevel/array/2025/yosyshq/riscv_formal_nerv_axi_cache_bus_imem_ch0_faulty-p0.btor2,missing,False,True,3600.4163907449692,7200.0,missing,False,True,3600.1539644012228,7200.0,0.0,missing,False,lean_core,lean_core
296,benchmarks/wordlevel/array/2025/yosyshq/riscv_formal_nerv_axi_cache_bus_imem_ch0_faulty-p13.btor2,missing,False,True,3600.4271630551666,7200.0,missing,False,True,3600.1595093738288,7200.0,0.0,missing,False,lean_core,lean_core
297,benchmarks/wordlevel/array/2025/yosyshq/riscv_formal_nerv_axi_cache_bus_imem_ch0_faulty-p2.btor2,missing,False,True,3600.423877503723,7200.0,missing,False,True,3600.1527972454205,7200.0,0.0,missing,False,lean_core,lean_core
298,benchmarks/wordlevel/array/2025/yosyshq/riscv_formal_nerv_axi_cache_bus_imem_ch0_faulty-p3.btor2,missing,False,True,3600.436727250926,7200.0,missing,False,True,3600.14844928775,7200.0,0.0,missing,False,lean_core,lean_core
299,benchmarks/wordlevel/array/2025/yosyshq/riscv_formal_nerv_axi_cache_bus_imem_ch0_faulty-p5.btor2,missing,False,True,3600.12636516802,7200.0,missing,False,True,3600.155285159126,7200.0,0.0,missing,False,lean_core,lean_core
300,benchmarks/wordlevel/array/2025/yosyshq/riscv_formal_nerv_axi_cache_bus_imem_fault_ch0-p1.btor2,missing,False,True,3600.457833983004,7200.0,missing,False,True,3600.1864801468328,7200.0,0.0,missing,False,lean_core,lean_core
301,benchmarks/wordlevel/array/2025/yosyshq/riscv_formal_nerv_axi_cache_bus_imem_fault_ch0-p10.btor2,missing,False,True,3600.418517288752,7200.0,missing,False,True,3600.142559239641,7200.0,0.0,missing,False,lean_core,
302,benchmarks/wordlevel/array/2025/yosyshq/riscv_formal_nerv_axi_cache_bus_imem_fault_ch0-p13.btor2,missing,False,True,3600.4363481393084,7200.0,missing,False,True,3600.1466415748,7200.0,0.0,missing,False,lean_core,lean_core
303,benchmarks/wordlevel/array/2025/yosyshq/riscv_formal_nerv_axi_cache_bus_imem_fault_ch0-p15.btor2,missing,False,True,3600.422287245281,7200.0,missing,False,True,3600.142081453465,7200.0,0.0,missing,False,lean_core,
304,benchmarks/wordlevel/array/2025/yosyshq/riscv_formal_nerv_axi_cache_bus_imem_fault_ch0-p2.btor2,missing,False,True,3600.4297191789374,7200.0,missing,False,True,3600.1923159277067,7200.0,0.0,missing,False,lean_core,lean_core
305,benchmarks/wordlevel/array/2025/yosyshq/riscv_formal_nerv_axi_cache_bus_imem_fault_ch0-p7.btor2,missing,False,True,3600.4438456045464,7200.0,missing,False,True,3600.2114265272394,7200.0,0.0,missing,False,lean_core;cex_diverse,lean_core
306,benchmarks/wordlevel/array/2025/yosyshq/riscv_formal_nerv_axi_cache_bus_imem_fault_ch0-p9.btor2,missing,False,True,3600.1818583644927,7200.0,missing,False,True,3600.1439784830436,7200.0,0.0,missing,False,lean_core,
307,benchmarks/wordlevel/array/2025/yosyshq/riscv_formal_nerv_axi_cache_bus_imem_fault_ch0_faulty-p18.btor2,missing,False,True,3600.177472406067,7200.0,missing,False,True,3600.1516172131523,7200.0,0.0,missing,False,lean_core,lean_core
308,benchmarks/wordlevel/array/2025/yosyshq/riscv_formal_nerv_axi_cache_bus_imem_fault_ch0_faulty-p2.btor2,missing,False,True,3600.181568578817,7200.0,missing,False,True,3600.153988053091,7200.0,0.0,missing,False,lean_core,lean_core
309,benchmarks/wordlevel/array/2025/yosyshq/riscv_formal_nerv_axi_cache_bus_imem_fault_ch0_faulty-p8.btor2,missing,False,True,3600.194002806209,7200.0,missing,False,True,3600.1533047370613,7200.0,0.0,missing,False,lean_core,lean_core
