index,benchmark,baseline_result,baseline_solved,baseline_timed_out,baseline_wall_seconds,baseline_par2,old_final_result,old_final_solved,old_final_timed_out,old_final_wall_seconds,old_final_par2,new_mab_result,new_mab_solved,new_mab_timed_out,new_mab_wall_seconds,new_mab_par2,new_vs_baseline_par2_delta,new_vs_old_final_par2_delta,visible_packet_selections,visible_packet_updates,visible_censored
0,benchmarks/wordlevel/array/2019/mann/safe/arbitrated_fifos_n2d8w8.btor2,missing,False,True,1000.5610568476841,2000.0,missing,False,True,1000.4772247383371,2000.0,missing,False,True,1000.6056983964518,2000.0,0.0,0.0,lean_core,lean_core,0
1,benchmarks/wordlevel/array/2019/mann/safe/linked_list_fifo_n2d4.btor2,missing,False,True,1000.7095415592194,2000.0,missing,False,True,1000.7485612984747,2000.0,missing,False,True,1000.9051157450303,2000.0,0.0,0.0,,,0
2,benchmarks/wordlevel/array/2019/mann/unknown/ridecore_array.btor2,missing,False,True,1000.2746517350897,2000.0,missing,False,True,1000.1988237909973,2000.0,missing,False,True,1000.2919853860512,2000.0,0.0,0.0,,,0
3,benchmarks/wordlevel/array/2019/mann/unsafe/ridecore_array.btor2,missing,False,True,1000.2730847634375,2000.0,missing,False,True,1000.2084128921852,2000.0,missing,False,True,1000.2951975753531,2000.0,0.0,0.0,,,0
4,benchmarks/wordlevel/array/2019/wolf/2018A/VexRiscv-regch0-15-p0.btor2,missing,False,True,1000.1294368328527,2000.0,missing,False,True,1000.1317973583937,2000.0,missing,False,True,1000.1756899990141,2000.0,0.0,0.0,lean_core,lean_core,0
5,benchmarks/wordlevel/array/2019/wolf/2018A/VexRiscv-regch0-15-p1.btor2,missing,False,True,1000.1385480416939,2000.0,missing,False,True,1000.1391132008284,2000.0,missing,False,True,1000.1696972502396,2000.0,0.0,0.0,lean_core,lean_core,0
6,benchmarks/wordlevel/array/2019/wolf/2018A/picorv32-check-p12.btor2,unknown,False,False,146.54088763985783,2000.0,missing,False,True,1000.1550673916936,2000.0,missing,False,True,1000.2241142587736,2000.0,0.0,0.0,lean_core;cex_diverse;recovery;cex_diverse;cex_diverse,lean_core;cex_diverse;recovery;cex_diverse;cex_diverse,0
7,benchmarks/wordlevel/array/2019/wolf/2018A/picorv32-check-p20.btor2,unknown,False,False,149.05147434119135,2000.0,unsat,True,False,318.9158403240144,318.9158403240144,unsat,True,False,705.7568568680435,705.7568568680435,1294.2431431319565,-386.8410165440291,lean_core;cex_diverse;recovery;cex_diverse;cex_diverse,lean_core;cex_diverse;recovery;cex_diverse;cex_diverse,0
8,benchmarks/wordlevel/array/2019/wolf/2018A/picorv32-check-p7.btor2,unknown,False,False,172.81179166119546,2000.0,missing,False,True,1000.163164421916,2000.0,missing,False,True,1000.1943435939029,2000.0,0.0,0.0,lean_core;cex_diverse;recovery;lean_core;cex_diverse,lean_core;cex_diverse;recovery;lean_core;cex_diverse,0
9,benchmarks/wordlevel/array/2019/wolf/2018A/zipcpu-zipmmu-p34.btor2,unsat,True,False,0.4066238384693861,0.4066238384693861,unsat,True,False,0.45112962462008,0.45112962462008,unsat,True,False,0.8135215165093541,0.8135215165093541,-0.406897678039968,-0.3623918918892741,,,0
10,benchmarks/wordlevel/array/2019/wolf/2018A/zipcpu-zipmmu-p40.btor2,missing,False,True,1000.1417597625405,2000.0,missing,False,True,1000.1546458406374,2000.0,missing,False,True,1000.0349938450381,2000.0,0.0,0.0,lean_core;cex_diverse;recovery,lean_core;cex_diverse,0
11,benchmarks/wordlevel/array/2019/wolf/2019A/picorv32_mutAX_mem-p0.btor2,missing,False,True,1000.1752914786339,2000.0,missing,False,True,1000.161499091424,2000.0,missing,False,True,1000.2103083180264,2000.0,0.0,0.0,,,0
12,benchmarks/wordlevel/array/2019/wolf/2019A/picorv32_mutAX_mem-p7.btor2,missing,False,True,1000.239763174206,2000.0,missing,False,True,1000.1633048420772,2000.0,missing,False,True,1000.2059828154743,2000.0,0.0,0.0,,,0
13,benchmarks/wordlevel/array/2019/wolf/2019A/picorv32_mutBX_mem-p1.btor2,missing,False,True,1000.2058058036491,2000.0,missing,False,True,1000.1598095539957,2000.0,missing,False,True,1000.2132481662557,2000.0,0.0,0.0,,,0
14,benchmarks/wordlevel/array/2019/wolf/2019A/picorv32_mutBX_mem-p5.btor2,missing,False,True,1000.1911597941071,2000.0,missing,False,True,1000.1546097313985,2000.0,missing,False,True,1000.212702171877,2000.0,0.0,0.0,,,0
15,benchmarks/wordlevel/array/2019/wolf/2019A/picorv32_mutCX_mem-p5.btor2,missing,False,True,1000.2202168293297,2000.0,missing,False,True,1000.1593394782394,2000.0,missing,False,True,1000.2218438545242,2000.0,0.0,0.0,,,0
16,benchmarks/wordlevel/array/2019/wolf/2019A/picorv32_mutCY_mem-p5.btor2,missing,False,True,1000.2109458222985,2000.0,missing,False,True,1000.3285899860784,2000.0,missing,False,True,1000.43073533196,2000.0,0.0,0.0,,,0
17,benchmarks/wordlevel/array/2019/wolf/2019C/dblclockfft_butterfly_ck3_r1-p105.btor2,unknown,False,False,23.10416834242642,2000.0,unknown,False,False,828.8081126986071,2000.0,unknown,False,False,638.7851051604375,2000.0,0.0,0.0,lean_core;cex_diverse;recovery;cex_diverse;lean_core;cex_diverse;recovery,lean_core;cex_diverse;recovery;cex_diverse;lean_core;cex_diverse;recovery,0
18,benchmarks/wordlevel/array/2019/wolf/2019C/dblclockfft_butterfly_ck3_r1-p44.btor2,unknown,False,False,8.881952594034374,2000.0,missing,False,True,1000.1844415729865,2000.0,missing,False,True,1000.151153861545,2000.0,0.0,0.0,lean_core;cex_diverse;recovery;cex_diverse;lean_core;cex_diverse;recovery,lean_core;cex_diverse;recovery;cex_diverse;lean_core;cex_diverse;recovery,0
19,benchmarks/wordlevel/array/2019/wolf/2019C/zipcpu_zipcpu_dcache-p105.btor2,unsat,True,False,351.6641521314159,351.6641521314159,unsat,True,False,128.74693750217557,128.74693750217557,unsat,True,False,123.36394352465868,123.36394352465868,228.30020860675722,5.38299397751689,,,0
20,benchmarks/wordlevel/array/2019/wolf/2019C/zipcpu_zipcpu_dcache-p106.btor2,unsat,True,False,378.74876809865236,378.74876809865236,unsat,True,False,162.14899802580476,162.14899802580476,unsat,True,False,153.48970657773316,153.48970657773316,225.2590615209192,8.659291448071599,,,0
21,benchmarks/wordlevel/array/2019/wolf/2019C/zipcpu_zipcpu_dcache-p181.btor2,unsat,True,False,2.6871265145018697,2.6871265145018697,unsat,True,False,2.5605939077213407,2.5605939077213407,unsat,True,False,3.7853633295744658,3.7853633295744658,-1.098236815072596,-1.224769421853125,,,0
22,benchmarks/wordlevel/array/2019/wolf/2019C/zipcpu_zipcpu_dcache-p208.btor2,missing,False,True,1000.1491547664627,2000.0,missing,False,True,1000.1130703873932,2000.0,missing,False,True,1000.1337799206376,2000.0,0.0,0.0,,,0
23,benchmarks/wordlevel/array/2019/wolf/2019C/zipcpu_zipcpu_dcache-p231.btor2,missing,False,True,1000.1723187202588,2000.0,missing,False,True,1000.1337220137939,2000.0,missing,False,True,1000.184578330256,2000.0,0.0,0.0,,,0
24,benchmarks/wordlevel/array/2019/wolf/2019C/zipcpu_zipcpu_dcache-p238.btor2,unsat,True,False,1.5110695697367191,1.5110695697367191,unsat,True,False,1.5769098391756415,1.5769098391756415,unsat,True,False,2.411872396245599,2.411872396245599,-0.9008028265088797,-0.8349625570699573,,,0
25,benchmarks/wordlevel/array/2019/wolf/2019C/zipcpu_zipcpu_dcache-p250.btor2,missing,False,True,1000.1304411878809,2000.0,missing,False,True,1000.1140503557399,2000.0,missing,False,True,1000.1327387420461,2000.0,0.0,0.0,,,0
26,benchmarks/wordlevel/array/2019/wolf/2019C/zipcpu_zipcpu_dcache-p260.btor2,missing,False,True,1000.1825930727646,2000.0,missing,False,True,1000.1301167421043,2000.0,missing,False,True,1000.1714150365442,2000.0,0.0,0.0,,,0
27,benchmarks/wordlevel/array/2019/wolf/2019C/zipcpu_zipcpu_dcache-p274.btor2,unsat,True,False,20.785388226620853,20.785388226620853,unsat,True,False,2.9185647713020444,2.9185647713020444,unsat,True,False,3.452573643065989,3.452573643065989,17.332814583554864,-0.5340088717639446,,,0
28,benchmarks/wordlevel/array/2019/wolf/2019C/zipcpu_zipcpu_dcache-p277.btor2,missing,False,True,1000.1816872414201,2000.0,missing,False,True,1000.1353066936135,2000.0,missing,False,True,1000.1273878356442,2000.0,0.0,0.0,,,0
29,benchmarks/wordlevel/array/2019/wolf/2019C/zipcpu_zipcpu_dcache-p295.btor2,unsat,True,False,2.950561575591564,2.950561575591564,unsat,True,False,3.4852226255461574,3.4852226255461574,unsat,True,False,4.80505396053195,4.80505396053195,-1.8544923849403858,-1.3198313349857926,,,0
30,benchmarks/wordlevel/array/2019/wolf/2019C/zipcpu_zipcpu_dcache-p317.btor2,unsat,True,False,3.053483380936086,3.053483380936086,unsat,True,False,3.925654672086239,3.925654672086239,unsat,True,False,3.9182055182754993,3.9182055182754993,-0.8647221373394132,0.007449153810739517,,,0
31,benchmarks/wordlevel/array/2019/wolf/2019C/zipcpu_zipcpu_dcache-p322.btor2,missing,False,True,1000.1592631936073,2000.0,missing,False,True,1000.121620638296,2000.0,missing,False,True,1000.1282534888014,2000.0,0.0,0.0,,,0
32,benchmarks/wordlevel/array/2019/wolf/2019C/zipcpu_zipcpu_dcache-p343.btor2,missing,False,True,1000.1798921367154,2000.0,missing,False,True,1000.1205495819449,2000.0,missing,False,True,1000.1295002251863,2000.0,0.0,0.0,,,0
33,benchmarks/wordlevel/array/2019/wolf/2019C/zipcpu_zipcpu_dcache-p346.btor2,missing,False,True,1000.1506469249725,2000.0,missing,False,True,1000.1237563705072,2000.0,missing,False,True,1000.1431254297495,2000.0,0.0,0.0,,,0
34,benchmarks/wordlevel/array/2019/wolf/2019C/zipcpu_zipcpu_dcache-p359.btor2,missing,False,True,1000.160543252714,2000.0,missing,False,True,1000.1140118939802,2000.0,missing,False,True,1000.1143171070144,2000.0,0.0,0.0,,,0
35,benchmarks/wordlevel/array/2019/wolf/2019C/zipcpu_zipcpu_dcache-p371.btor2,missing,False,True,1000.2023140247911,2000.0,missing,False,True,1000.1289368877187,2000.0,missing,False,True,1000.1220026481897,2000.0,0.0,0.0,,,0
36,benchmarks/wordlevel/array/2019/wolf/2019C/zipcpu_zipcpu_dcache-p428.btor2,missing,False,True,1000.1655787024647,2000.0,missing,False,True,1000.1135950256139,2000.0,missing,False,True,1000.1127862101421,2000.0,0.0,0.0,,,0
37,benchmarks/wordlevel/array/2019/wolf/2019C/zipcpu_zipcpu_dcache-p459.btor2,missing,False,True,1000.1635064380243,2000.0,missing,False,True,1000.1248134961352,2000.0,missing,False,True,1000.1129192505032,2000.0,0.0,0.0,,,0
38,benchmarks/wordlevel/array/2019/wolf/2019C/zipcpu_zipcpu_dcache-p462.btor2,unsat,True,False,2.117926200851798,2.117926200851798,unsat,True,False,2.3871691673994064,2.3871691673994064,unsat,True,False,4.167488780803978,4.167488780803978,-2.0495625799521804,-1.780319613404572,,,0
39,benchmarks/wordlevel/array/2019/wolf/2019C/zipcpu_zipcpu_dcache-p478.btor2,missing,False,True,1000.1724984319881,2000.0,missing,False,True,1000.1359723825008,2000.0,missing,False,True,1000.1119934078306,2000.0,0.0,0.0,,,0
40,benchmarks/wordlevel/array/2019/wolf/2019C/zipcpu_zipcpu_dcache-p532.btor2,unsat,True,False,2.5151619566604495,2.5151619566604495,unsat,True,False,2.4719995697960258,2.4719995697960258,unsat,True,False,4.295816591009498,4.295816591009498,-1.7806546343490481,-1.823817021213472,,,0
41,benchmarks/wordlevel/array/2019/wolf/2019C/zipcpu_zipcpu_dcache-p554.btor2,missing,False,True,1000.1632518600672,2000.0,missing,False,True,1000.1342717977241,2000.0,missing,False,True,1000.1216618716717,2000.0,0.0,0.0,,,0
42,benchmarks/wordlevel/array/2019/wolf/2019C/zipcpu_zipcpu_dcache-p558.btor2,missing,False,True,1000.1978154899552,2000.0,missing,False,True,1000.1249680640176,2000.0,missing,False,True,1000.1413757940754,2000.0,0.0,0.0,,,0
43,benchmarks/wordlevel/array/2019/wolf/2019C/zipcpu_zipcpu_dcache-p563.btor2,unsat,True,False,439.8975753663108,439.8975753663108,unsat,True,False,189.87055650912225,189.87055650912225,unsat,True,False,338.2672232063487,338.2672232063487,101.63035215996206,-148.39666669722646,,,0
44,benchmarks/wordlevel/array/2019/wolf/2019C/zipcpu_zipcpu_dcache-p570.btor2,missing,False,True,1000.1471372265369,2000.0,missing,False,True,1000.1441041817889,2000.0,missing,False,True,1000.1238510617986,2000.0,0.0,0.0,,,0
45,benchmarks/wordlevel/array/2019/wolf/2019C/zipcpu_zipcpu_dcache-p581.btor2,missing,False,True,1000.1444189026952,2000.0,missing,False,True,1000.1108000539243,2000.0,missing,False,True,1000.1131616067141,2000.0,0.0,0.0,,,0
46,benchmarks/wordlevel/array/2019/wolf/2019C/zipcpu_zipcpu_dcache-p591.btor2,missing,False,True,1000.1472228495404,2000.0,missing,False,True,1000.1226577693596,2000.0,missing,False,True,1000.135801544413,2000.0,0.0,0.0,,,0
47,benchmarks/wordlevel/array/2019/wolf/2019C/zipcpu_zipcpu_piped-p133.btor2,missing,False,True,1000.163739184849,2000.0,missing,False,True,1000.1370185967535,2000.0,missing,False,True,1000.1360563784838,2000.0,0.0,0.0,,,0
48,benchmarks/wordlevel/array/2019/wolf/2019C/zipcpu_zipcpu_piped-p160.btor2,missing,False,True,1000.1626790920272,2000.0,missing,False,True,1000.1413624947891,2000.0,missing,False,True,1000.1120548630133,2000.0,0.0,0.0,,,0
49,benchmarks/wordlevel/array/2019/wolf/2019C/zipcpu_zipcpu_piped-p195.btor2,unsat,True,False,91.96252505853772,91.96252505853772,unsat,True,False,110.19818216469139,110.19818216469139,unsat,True,False,179.23398819658905,179.23398819658905,-87.27146313805133,-69.03580603189766,,,0
50,benchmarks/wordlevel/array/2019/wolf/2019C/zipcpu_zipcpu_piped-p240.btor2,missing,False,True,1000.128066082485,2000.0,missing,False,True,1000.1229865206406,2000.0,missing,False,True,1000.1115004317835,2000.0,0.0,0.0,,,0
51,benchmarks/wordlevel/array/2019/wolf/2019C/zipcpu_zipcpu_piped-p241.btor2,missing,False,True,1000.160512842238,2000.0,missing,False,True,1000.1363166049123,2000.0,missing,False,True,1000.1319888234138,2000.0,0.0,0.0,,,0
52,benchmarks/wordlevel/array/2019/wolf/2019C/zipcpu_zipcpu_piped-p284.btor2,missing,False,True,1000.1821817299351,2000.0,missing,False,True,1000.1336844908074,2000.0,missing,False,True,1000.1378529844806,2000.0,0.0,0.0,lean_core,lean_core,0
53,benchmarks/wordlevel/array/2019/wolf/2019C/zipcpu_zipcpu_piped-p310.btor2,unsat,True,False,53.34684875700623,53.34684875700623,unsat,True,False,100.19425300322473,100.19425300322473,unsat,True,False,163.8622022708878,163.8622022708878,-110.51535351388156,-63.66794926766306,,,0
54,benchmarks/wordlevel/array/2019/wolf/2019C/zipcpu_zipcpu_piped-p311.btor2,missing,False,True,1000.1566262468696,2000.0,missing,False,True,1000.1298012742773,2000.0,missing,False,True,1000.1277576675639,2000.0,0.0,0.0,,,0
55,benchmarks/wordlevel/array/2019/wolf/2019C/zipcpu_zipcpu_piped-p358.btor2,unsat,True,False,1.034173497930169,1.034173497930169,unsat,True,False,1.734264500439167,1.734264500439167,unsat,True,False,2.730879177339375,2.730879177339375,-1.696705679409206,-0.996614676900208,,,0
56,benchmarks/wordlevel/array/2019/wolf/2019C/zipcpu_zipcpu_piped-p366.btor2,unsat,True,False,1.035405207425356,1.035405207425356,unsat,True,False,1.6725806528702378,1.6725806528702378,unsat,True,False,2.3292050855234265,2.3292050855234265,-1.2937998780980706,-0.6566244326531887,,,0
57,benchmarks/wordlevel/array/2019/wolf/2019C/zipcpu_zipcpu_piped-p395.btor2,unsat,True,False,34.84232354070991,34.84232354070991,unsat,True,False,31.955236805602908,31.955236805602908,unsat,True,False,46.68791860714555,46.68791860714555,-11.845595066435635,-14.73268180154264,,,0
58,benchmarks/wordlevel/array/2019/wolf/2019C/zipcpu_zipcpu_piped-p421.btor2,missing,False,True,1000.1707336800173,2000.0,missing,False,True,1000.1409266022965,2000.0,missing,False,True,1000.1494645997882,2000.0,0.0,0.0,,,0
59,benchmarks/wordlevel/array/2019/wolf/2019C/zipcpu_zipcpu_piped-p43.btor2,unsat,True,False,0.7972144233062863,0.7972144233062863,unsat,True,False,1.2162040565162897,1.2162040565162897,unsat,True,False,1.729468835517764,1.729468835517764,-0.9322544122114778,-0.5132647790014744,,,0
60,benchmarks/wordlevel/array/2019/wolf/2019C/zipcpu_zipcpu_piped-p458.btor2,unsat,True,False,11.435957831330597,11.435957831330597,unsat,True,False,1.908036295324564,1.908036295324564,unsat,True,False,1.6209995541721582,1.6209995541721582,9.81495827715844,0.28703674115240574,,,0
61,benchmarks/wordlevel/array/2019/wolf/2019C/zipcpu_zipcpu_piped-p485.btor2,unsat,True,False,0.8603394888341427,0.8603394888341427,unsat,True,False,1.6845424007624388,1.6845424007624388,unsat,True,False,8.476316321641207,8.476316321641207,-7.615976832807064,-6.791773920878768,,,0
62,benchmarks/wordlevel/array/2019/wolf/2019C/zipcpu_zipcpu_piped-p493.btor2,missing,False,True,1000.1665987446904,2000.0,missing,False,True,1000.1279054190964,2000.0,missing,False,True,1000.1363607551903,2000.0,0.0,0.0,lean_core,lean_core,0
63,benchmarks/wordlevel/array/2019/wolf/2019C/zipcpu_zipcpu_piped-p496.btor2,missing,False,True,1000.1645991895348,2000.0,missing,False,True,1000.1410754648969,2000.0,missing,False,True,1000.318313122727,2000.0,0.0,0.0,,,0
64,benchmarks/wordlevel/array/2020/mann/array_lt200.btor2,unknown,False,False,0.23326194193214178,2000.0,unsat,True,False,0.9303475739434361,0.9303475739434361,unsat,True,False,0.7432995680719614,0.7432995680719614,1999.256700431928,0.18704800587147474,lean_core,lean_core,0
65,benchmarks/wordlevel/array/2020/mann/array_swap.btor2,missing,False,True,1000.8165327971801,2000.0,missing,False,True,1000.4402638329193,2000.0,missing,False,True,1000.6844355519861,2000.0,0.0,0.0,,,0
66,benchmarks/wordlevel/array/2020/mann/deep_overflow_bug.btor2,missing,False,True,1000.5152376946062,2000.0,missing,False,True,1000.5663435533643,2000.0,missing,False,True,1000.8999540545046,2000.0,0.0,0.0,,,0
67,benchmarks/wordlevel/array/2020/mann/easy_zero_array.btor2,missing,False,True,1000.9063177201897,2000.0,missing,False,True,1000.8626050418243,2000.0,missing,False,True,1001.2100717285648,2000.0,0.0,0.0,,,0
68,benchmarks/wordlevel/array/2020/mann/simple-stack-pred1.btor2,missing,False,True,1001.1845816923305,2000.0,missing,False,True,1000.6254643285647,2000.0,missing,False,True,1000.7238556332886,2000.0,0.0,0.0,,,0
69,benchmarks/wordlevel/array/2020/mann/zero_array.btor2,missing,False,True,1000.5494921840727,2000.0,missing,False,True,1000.6497334931046,2000.0,missing,False,True,1000.8547983346507,2000.0,0.0,0.0,,,0
70,benchmarks/wordlevel/array/2024/hkust/branch_coverage/array/rocket_1939.btor2,missing,False,True,1000.1733321202919,2000.0,missing,False,True,1000.1474694041535,2000.0,missing,False,True,1000.1667782114819,2000.0,0.0,0.0,,,0
71,benchmarks/wordlevel/array/2024/hkust/branch_coverage/array/rocket_2021.btor2,missing,False,True,1000.1527798427269,2000.0,missing,False,True,1000.1344054387882,2000.0,missing,False,True,1000.1821751138195,2000.0,0.0,0.0,,,0
72,benchmarks/wordlevel/array/2024/hkust/branch_coverage/array/rocket_2029.btor2,missing,False,True,1000.1820234945044,2000.0,missing,False,True,1000.1247909078375,2000.0,missing,False,True,1000.1707580909133,2000.0,0.0,0.0,,,0
73,benchmarks/wordlevel/array/2024/hkust/branch_coverage/array/rocket_2045.btor2,missing,False,True,1000.1646478204057,2000.0,missing,False,True,1000.1481770733371,2000.0,missing,False,True,1000.1928590200841,2000.0,0.0,0.0,,,0
74,benchmarks/wordlevel/array/2024/hkust/branch_coverage/array/rocket_2047.btor2,missing,False,True,1000.1667965678498,2000.0,missing,False,True,1000.1364618083462,2000.0,missing,False,True,1000.1222667144611,2000.0,0.0,0.0,,,0
75,benchmarks/wordlevel/array/2024/hkust/branch_coverage/array/rocket_2053.btor2,missing,False,True,1000.1741824755445,2000.0,missing,False,True,1000.1553273769096,2000.0,missing,False,True,1000.1817385535687,2000.0,0.0,0.0,,,0
76,benchmarks/wordlevel/array/2024/hkust/branch_coverage/array/rocket_2067.btor2,missing,False,True,1000.2722778618336,2000.0,missing,False,True,1000.1352044017985,2000.0,missing,False,True,1000.1902059298009,2000.0,0.0,0.0,,,0
77,benchmarks/wordlevel/array/2024/hkust/refinement_checking/array/ILA_Flute_ADDI_problem.btor2,missing,False,True,1000.3708496829495,2000.0,missing,False,True,1000.1287209000438,2000.0,missing,False,True,1000.1912573967129,2000.0,0.0,0.0,,,0
78,benchmarks/wordlevel/array/2024/hkust/refinement_checking/array/ILA_Flute_AND_problem.btor2,missing,False,True,1000.3795245084912,2000.0,missing,False,True,1000.1756612816826,2000.0,missing,False,True,1000.1958304932341,2000.0,0.0,0.0,,,0
79,benchmarks/wordlevel/array/2024/hkust/refinement_checking/array/ILA_Flute_AUIPC_problem.btor2,missing,False,True,1000.3961923290044,2000.0,missing,False,True,1000.1692974492908,2000.0,missing,False,True,1000.1584484986961,2000.0,0.0,0.0,,,0
80,benchmarks/wordlevel/array/2024/hkust/refinement_checking/array/ILA_Flute_BEQ_sanity.btor2,missing,False,True,1000.3854268183932,2000.0,missing,False,True,1000.1445085564628,2000.0,missing,False,True,1000.1698214635253,2000.0,0.0,0.0,,,0
81,benchmarks/wordlevel/array/2024/hkust/refinement_checking/array/ILA_Flute_BGEU_problem.btor2,missing,False,True,1000.3758260384202,2000.0,missing,False,True,1000.1630374165252,2000.0,missing,False,True,1000.1992348153144,2000.0,0.0,0.0,,,0
82,benchmarks/wordlevel/array/2024/hkust/refinement_checking/array/ILA_Flute_BLT_problem.btor2,missing,False,True,1000.3555194083601,2000.0,missing,False,True,1000.157621609047,2000.0,missing,False,True,1000.2039202917367,2000.0,0.0,0.0,,,0
83,benchmarks/wordlevel/array/2024/hkust/refinement_checking/array/ILA_Flute_LHU_sanity.btor2,missing,False,True,1000.3843378890306,2000.0,missing,False,True,1000.1655505001545,2000.0,missing,False,True,1000.1980448132381,2000.0,0.0,0.0,,,0
84,benchmarks/wordlevel/array/2024/hkust/refinement_checking/array/ILA_Flute_OR_sanity.btor2,missing,False,True,1000.395937256515,2000.0,missing,False,True,1000.1657722704113,2000.0,missing,False,True,1000.2033881377429,2000.0,0.0,0.0,,,0
85,benchmarks/wordlevel/array/2024/hkust/refinement_checking/array/ILA_Flute_SB_problem.btor2,missing,False,True,1000.366766599007,2000.0,missing,False,True,1000.1670356467366,2000.0,missing,False,True,1000.1688346099108,2000.0,0.0,0.0,,,0
86,benchmarks/wordlevel/array/2024/hkust/refinement_checking/array/ILA_Flute_SH_problem.btor2,missing,False,True,1000.3759294273332,2000.0,missing,False,True,1000.1625798447058,2000.0,missing,False,True,1000.2047016946599,2000.0,0.0,0.0,,,0
87,benchmarks/wordlevel/array/2024/hkust/refinement_checking/array/ILA_Flute_SH_sanity.btor2,missing,False,True,1000.3990586865693,2000.0,missing,False,True,1000.1674306346104,2000.0,missing,False,True,1000.2010320611298,2000.0,0.0,0.0,,,0
88,benchmarks/wordlevel/array/2024/hkust/refinement_checking/array/ILA_Flute_SLLI_sanity.btor2,missing,False,True,1000.3935300130397,2000.0,missing,False,True,1000.1682810811326,2000.0,missing,False,True,1000.1703046038747,2000.0,0.0,0.0,,,0
89,benchmarks/wordlevel/array/2024/hkust/refinement_checking/array/ILA_Flute_SLTI_problem.btor2,missing,False,True,1000.3818695945665,2000.0,missing,False,True,1000.1681630024686,2000.0,missing,False,True,1000.1911929780617,2000.0,0.0,0.0,,,0
90,benchmarks/wordlevel/array/2024/hkust/refinement_checking/array/ILA_Flute_SLTI_sanity.btor2,missing,False,True,1000.3915579915047,2000.0,missing,False,True,1000.1233559343964,2000.0,missing,False,True,1000.2023847028613,2000.0,0.0,0.0,,,0
91,benchmarks/wordlevel/array/2024/hkust/refinement_checking/array/ILA_Flute_SRAI_problem.btor2,missing,False,True,1000.3733861315995,2000.0,missing,False,True,1000.1257424708456,2000.0,missing,False,True,1000.1330469157547,2000.0,0.0,0.0,,,0
92,benchmarks/wordlevel/array/2024/hkust/refinement_checking/array/ILA_Flute_SUB_problem.btor2,missing,False,True,1000.3792366469279,2000.0,missing,False,True,1000.1306840330362,2000.0,missing,False,True,1000.1238617440686,2000.0,0.0,0.0,,,0
93,benchmarks/wordlevel/array/2024/hkust/refinement_checking/array/ILA_Flute_SW_sanity.btor2,missing,False,True,1000.4076138669625,2000.0,missing,False,True,1000.1243646945804,2000.0,missing,False,True,1000.1268507195637,2000.0,0.0,0.0,,,0
94,benchmarks/wordlevel/array/2024/hkust/refinement_checking/array/ILA_Flute_XORI_problem.btor2,missing,False,True,1000.3874300578609,2000.0,missing,False,True,1000.1237106816843,2000.0,missing,False,True,1000.1225441498682,2000.0,0.0,0.0,,,0
95,benchmarks/wordlevel/array/2024/hkust/refinement_checking/array/ILA_Piccolo_ADD_sanity.btor2,missing,False,True,1000.3835873454809,2000.0,missing,False,True,1000.1251770639792,2000.0,missing,False,True,1000.1229030182585,2000.0,0.0,0.0,,,0
96,benchmarks/wordlevel/array/2024/hkust/refinement_checking/array/ILA_Piccolo_BNE_sanity.btor2,missing,False,True,1000.3809943515807,2000.0,missing,False,True,1000.1317163668573,2000.0,missing,False,True,1000.1286298753694,2000.0,0.0,0.0,,,0
97,benchmarks/wordlevel/array/2024/hkust/refinement_checking/array/ILA_Piccolo_JALR_problem.btor2,missing,False,True,1000.3498606337234,2000.0,missing,False,True,1000.1303106360137,2000.0,missing,False,True,1000.1351348944008,2000.0,0.0,0.0,,,0
98,benchmarks/wordlevel/array/2024/hkust/refinement_checking/array/ILA_Piccolo_JALR_sanity.btor2,missing,False,True,1000.4050927460194,2000.0,missing,False,True,1000.1219726568088,2000.0,missing,False,True,1000.1325640995055,2000.0,0.0,0.0,,,0
99,benchmarks/wordlevel/array/2024/hkust/refinement_checking/array/ILA_Piccolo_LBU_sanity.btor2,missing,False,True,1000.3335042502731,2000.0,missing,False,True,1000.1297971569002,2000.0,missing,False,True,1000.1236776281148,2000.0,0.0,0.0,,,0
100,benchmarks/wordlevel/array/2024/hkust/refinement_checking/array/ILA_Piccolo_LH_sanity.btor2,missing,False,True,1000.3664163546637,2000.0,missing,False,True,1000.1275454647839,2000.0,missing,False,True,1000.1303720884025,2000.0,0.0,0.0,,,0
101,benchmarks/wordlevel/array/2024/hkust/refinement_checking/array/ILA_Piccolo_LUI_sanity.btor2,missing,False,True,1000.3834570487961,2000.0,missing,False,True,1000.1337434146553,2000.0,missing,False,True,1000.1204213062301,2000.0,0.0,0.0,,,0
102,benchmarks/wordlevel/array/2024/hkust/refinement_checking/array/ILA_Piccolo_LW_problem.btor2,missing,False,True,1000.361257025972,2000.0,missing,False,True,1000.126493498683,2000.0,missing,False,True,1000.1226590219885,2000.0,0.0,0.0,,,0
103,benchmarks/wordlevel/array/2024/hkust/refinement_checking/array/ILA_Piccolo_ORI_sanity.btor2,missing,False,True,1000.3448515543714,2000.0,missing,False,True,1000.1278575025499,2000.0,missing,False,True,1000.1370597695932,2000.0,0.0,0.0,,,0
104,benchmarks/wordlevel/array/2024/hkust/refinement_checking/array/ILA_Piccolo_SB_sanity.btor2,missing,False,True,1000.1417516749352,2000.0,missing,False,True,1000.1283349758014,2000.0,missing,False,True,1000.1212445236742,2000.0,0.0,0.0,,,0
105,benchmarks/wordlevel/array/2024/hkust/refinement_checking/array/ILA_Piccolo_SLLI_problem.btor2,missing,False,True,1000.1596053084359,2000.0,missing,False,True,1000.1226981338114,2000.0,missing,False,True,1000.1227414235473,2000.0,0.0,0.0,,,0
106,benchmarks/wordlevel/array/2024/hkust/refinement_checking/array/ILA_Piccolo_SLL_problem.btor2,missing,False,True,1000.1480276184157,2000.0,missing,False,True,1000.1876945719123,2000.0,missing,False,True,1000.1416568495333,2000.0,0.0,0.0,,,0
107,benchmarks/wordlevel/array/2024/hkust/refinement_checking/array/ILA_Piccolo_SLTI_problem.btor2,missing,False,True,1000.1428328529,2000.0,missing,False,True,1000.1937595130876,2000.0,missing,False,True,1000.1360613070428,2000.0,0.0,0.0,,,0
108,benchmarks/wordlevel/array/2024/hkust/refinement_checking/array/ILA_Piccolo_SLT_sanity.btor2,missing,False,True,1000.2330477340147,2000.0,missing,False,True,1000.1631259545684,2000.0,missing,False,True,1000.1387171205133,2000.0,0.0,0.0,,,0
109,benchmarks/wordlevel/array/2024/hkust/refinement_checking/array/ILA_Piccolo_SRL_sanity.btor2,missing,False,True,1000.2312961984426,2000.0,missing,False,True,1000.1879036100581,2000.0,missing,False,True,1000.1354562230408,2000.0,0.0,0.0,,,0
110,benchmarks/wordlevel/array/2024/hkust/refinement_checking/array/ILA_Piccolo_SW_problem.btor2,missing,False,True,1000.2309843394905,2000.0,missing,False,True,1000.1879285667092,2000.0,missing,False,True,1000.1310722855851,2000.0,0.0,0.0,,,0
111,benchmarks/wordlevel/array/2024/hkust/refinement_checking/array/ILA_Piccolo_XORI_sanity.btor2,missing,False,True,1000.2275691526011,2000.0,missing,False,True,1000.1942717460915,2000.0,missing,False,True,1000.142129261978,2000.0,0.0,0.0,,,0
112,benchmarks/wordlevel/array/2024/hkust/refinement_checking/array/ILA_Ridecore_BLTU_problem.btor2,missing,False,True,1000.2499748328701,2000.0,missing,False,True,1000.2383038522676,2000.0,missing,False,True,1000.1344621097669,2000.0,0.0,0.0,,,0
113,benchmarks/wordlevel/array/2024/hkust/refinement_checking/array/ILA_Ridecore_LB_problem.btor2,missing,False,True,1000.2538526346907,2000.0,missing,False,True,1000.1686279233545,2000.0,missing,False,True,1000.1390150012448,2000.0,0.0,0.0,,,0
114,benchmarks/wordlevel/array/2024/hkust/refinement_checking/array/ILA_Ridecore_LUI_problem.btor2,missing,False,True,1000.2653274908662,2000.0,missing,False,True,1000.1680784486234,2000.0,missing,False,True,1000.137956473045,2000.0,0.0,0.0,,,0
115,benchmarks/wordlevel/array/2024/hkust/refinement_checking/array/ILA_Ridecore_ORI_problem.btor2,missing,False,True,1000.2551675075665,2000.0,missing,False,True,1000.1675270684063,2000.0,missing,False,True,1000.1977976281196,2000.0,0.0,0.0,,,0
116,benchmarks/wordlevel/array/2024/hkust/refinement_checking/array/ILA_Ridecore_SRAI_problem.btor2,missing,False,True,1000.2536987867206,2000.0,missing,False,True,1000.1705054184422,2000.0,missing,False,True,1000.2031244067475,2000.0,0.0,0.0,,,0
117,benchmarks/wordlevel/array/2024/hkust/refinement_checking/array/ILA_Rocket_ADD_sanity.btor2,missing,False,True,1000.1488703852519,2000.0,missing,False,True,1000.1481090262532,2000.0,missing,False,True,1000.1876404732466,2000.0,0.0,0.0,,,0
118,benchmarks/wordlevel/array/2024/hkust/refinement_checking/array/ILA_Rocket_ANDI_sanity.btor2,missing,False,True,1000.1472538588569,2000.0,missing,False,True,1000.1538400948048,2000.0,missing,False,True,1000.1794754974544,2000.0,0.0,0.0,,,0
119,benchmarks/wordlevel/array/2024/hkust/refinement_checking/array/ILA_Rocket_AND_problem.btor2,missing,False,True,1000.1332031050697,2000.0,missing,False,True,1000.1589698921889,2000.0,missing,False,True,1000.1520720086992,2000.0,0.0,0.0,,,0
120,benchmarks/wordlevel/array/2024/hkust/refinement_checking/array/ILA_Rocket_AND_sanity.btor2,missing,False,True,1000.1466237511486,2000.0,missing,False,True,1000.17542195227,2000.0,missing,False,True,1000.185021424666,2000.0,0.0,0.0,,,0
121,benchmarks/wordlevel/array/2024/hkust/refinement_checking/array/ILA_Rocket_BLTU_problem.btor2,missing,False,True,1000.1400538347661,2000.0,missing,False,True,1000.1687949039042,2000.0,missing,False,True,1000.1689659524709,2000.0,0.0,0.0,,,0
122,benchmarks/wordlevel/array/2024/hkust/refinement_checking/array/ILA_Rocket_BNE_problem.btor2,missing,False,True,1000.1826176093891,2000.0,missing,False,True,1000.1569490237162,2000.0,missing,False,True,1000.1621624156833,2000.0,0.0,0.0,,,0
123,benchmarks/wordlevel/array/2024/hkust/refinement_checking/array/ILA_Rocket_JAL_sanity.btor2,missing,False,True,1000.191997599788,2000.0,missing,False,True,1000.1734067928046,2000.0,missing,False,True,1000.172628948465,2000.0,0.0,0.0,,,0
124,benchmarks/wordlevel/array/2024/hkust/refinement_checking/array/ILA_Rocket_LUI_sanity.btor2,missing,False,True,1000.1914905691519,2000.0,missing,False,True,1000.175818040967,2000.0,missing,False,True,1000.184267909266,2000.0,0.0,0.0,,,0
125,benchmarks/wordlevel/array/2024/hkust/refinement_checking/array/ILA_Rocket_LW_sanity.btor2,missing,False,True,1000.1357879722491,2000.0,missing,False,True,1000.1733418377116,2000.0,missing,False,True,1000.1851002359763,2000.0,0.0,0.0,,,0
126,benchmarks/wordlevel/array/2024/hkust/refinement_checking/array/ILA_Rocket_ORI_sanity.btor2,missing,False,True,1000.1280245222151,2000.0,missing,False,True,1000.1725336518139,2000.0,missing,False,True,1000.183761334978,2000.0,0.0,0.0,,,0
127,benchmarks/wordlevel/array/2024/hkust/refinement_checking/array/ILA_Rocket_SLLI_problem.btor2,missing,False,True,1000.1340769650415,2000.0,missing,False,True,1000.1197036765516,2000.0,missing,False,True,1000.1655243877321,2000.0,0.0,0.0,,,0
128,benchmarks/wordlevel/array/2024/hkust/refinement_checking/array/ILA_Rocket_SLL_sanity.btor2,missing,False,True,1000.1681980472058,2000.0,missing,False,True,1000.181795027107,2000.0,missing,False,True,1000.170239361003,2000.0,0.0,0.0,,,0
129,benchmarks/wordlevel/array/2024/hkust/refinement_checking/array/ILA_Rocket_SLTIU_problem.btor2,missing,False,True,1000.1901767663658,2000.0,missing,False,True,1000.1553880311549,2000.0,missing,False,True,1000.1491810623556,2000.0,0.0,0.0,,,0
130,benchmarks/wordlevel/array/2024/sosylab/array-examples/standard_compareModified_ground.btor2,unknown,False,False,19.751700185239315,2000.0,unknown,False,False,48.945359256118536,2000.0,unknown,False,False,46.24936863221228,2000.0,0.0,0.0,lean_core;recovery;recovery,lean_core;recovery;recovery,0
131,benchmarks/wordlevel/array/2024/sosylab/array-examples/standard_compare_ground.btor2,unknown,False,False,17.52078981604427,2000.0,unknown,False,False,14.225068548694253,2000.0,unknown,False,False,13.735740413889289,2000.0,0.0,0.0,lean_core;recovery;lean_core,lean_core;recovery;lean_core,0
132,benchmarks/wordlevel/array/2024/sosylab/array-examples/standard_partition_ground-1.btor2,unknown,False,False,33.58064236026257,2000.0,unknown,False,False,15.913125615566969,2000.0,unknown,False,False,15.595349347218871,2000.0,0.0,0.0,lean_core;recovery,lean_core;recovery,0
133,benchmarks/wordlevel/array/2024/sosylab/array-fpi/brs2.btor2,missing,False,True,1001.0411127712578,2000.0,missing,False,True,1000.8771607708186,2000.0,missing,False,True,1000.8165168929845,2000.0,0.0,0.0,lean_core,lean_core,0
134,benchmarks/wordlevel/array/2024/sosylab/array-fpi/brs2f.btor2,missing,False,True,1001.0821302859113,2000.0,missing,False,True,1000.9971643369645,2000.0,missing,False,True,1000.9838075526059,2000.0,0.0,0.0,lean_core,lean_core,0
135,benchmarks/wordlevel/array/2024/sosylab/array-fpi/brs3f.btor2,missing,False,True,1000.951711544767,2000.0,missing,False,True,1001.1217535845935,2000.0,missing,False,True,1001.0690256282687,2000.0,0.0,0.0,lean_core,lean_core,0
136,benchmarks/wordlevel/array/2024/sosylab/array-fpi/condaf.btor2,unknown,False,False,11.299345679581165,2000.0,missing,False,True,1001.0440636575222,2000.0,missing,False,True,1001.0240374291316,2000.0,0.0,0.0,lean_core,lean_core,0
137,benchmarks/wordlevel/array/2024/sosylab/array-fpi/ifcompf.btor2,unknown,False,False,62.80264871288091,2000.0,unknown,False,False,27.030353563837707,2000.0,unknown,False,False,26.39607499539852,2000.0,0.0,0.0,lean_core;recovery,lean_core;recovery,0
138,benchmarks/wordlevel/array/2024/sosylab/array-fpi/ifeqn2f.btor2,unknown,False,False,37.218960370868444,2000.0,unknown,False,False,24.5189335886389,2000.0,unknown,False,False,24.50145544204861,2000.0,0.0,0.0,lean_core;recovery;lean_core,lean_core;recovery;lean_core,0
139,benchmarks/wordlevel/array/2024/sosylab/array-fpi/ifeqn5.btor2,unknown,False,False,63.97811079211533,2000.0,unknown,False,False,41.826371130533516,2000.0,unknown,False,False,39.44775771629065,2000.0,0.0,0.0,lean_core;recovery;lean_core,lean_core;recovery;lean_core,0
140,benchmarks/wordlevel/array/2024/sosylab/array-fpi/s12if.btor2,unknown,False,False,14.723158592358232,2000.0,missing,False,True,1000.9997025122866,2000.0,missing,False,True,1000.9333164729178,2000.0,0.0,0.0,lean_core,lean_core,0
141,benchmarks/wordlevel/array/2024/sosylab/array-fpi/s2iff.btor2,missing,False,True,1001.1625010473654,2000.0,missing,False,True,1001.0903775431216,2000.0,missing,False,True,1001.0351117663085,2000.0,0.0,0.0,lean_core,lean_core,0
142,benchmarks/wordlevel/array/2024/sosylab/array-fpi/s3if.btor2,missing,False,True,1001.1608647098765,2000.0,missing,False,True,1001.0102809201926,2000.0,missing,False,True,1000.819549228996,2000.0,0.0,0.0,lean_core,lean_core,0
143,benchmarks/wordlevel/array/2024/sosylab/array-fpi/s4liff.btor2,unknown,False,False,11.797259560786188,2000.0,missing,False,True,1001.1750125158578,2000.0,missing,False,True,1001.1188618969172,2000.0,0.0,0.0,lean_core,lean_core,0
144,benchmarks/wordlevel/array/2024/sosylab/array-industry-pattern/array_assert_loop_dep.btor2,unknown,False,False,14.687379019334912,2000.0,unknown,False,False,11.092888787388802,2000.0,unknown,False,False,9.904452413320541,2000.0,0.0,0.0,lean_core;recovery;lean_core;recovery,lean_core;recovery;lean_core;recovery,0
145,benchmarks/wordlevel/array/2024/sosylab/array-industry-pattern/array_monotonic.btor2,unknown,False,False,259.76627358887345,2000.0,unknown,False,False,78.68315175268799,2000.0,unknown,False,False,68.5902899838984,2000.0,0.0,0.0,lean_core;recovery;lean_core;recovery;lean_core;recovery;lean_core,lean_core;recovery;lean_core;recovery;lean_core;recovery;lean_core,0
146,benchmarks/wordlevel/array/2024/sosylab/array-industry-pattern/array_of_struct_ptr_mul_init.btor2,missing,False,True,1000.2980266790837,2000.0,missing,False,True,1000.3930117785931,2000.0,missing,False,True,1000.2047570459545,2000.0,0.0,0.0,,,0
147,benchmarks/wordlevel/array/2024/sosylab/array-lopstr16/flag_loopdep.btor2,unknown,False,False,31.895983947440982,2000.0,unknown,False,False,15.902999434620142,2000.0,unknown,False,False,15.462177702225745,2000.0,0.0,0.0,lean_core;recovery;lean_core,lean_core;recovery;lean_core,0
148,benchmarks/wordlevel/array/2024/sosylab/array-patterns/array10_pattern.btor2,unknown,False,False,20.428808609955013,2000.0,unknown,False,False,13.438767272047698,2000.0,unknown,False,False,12.791897676885128,2000.0,0.0,0.0,lean_core,lean_core,0
149,benchmarks/wordlevel/array/2024/sosylab/array-patterns/array16_pattern.btor2,unknown,False,False,27.84601402748376,2000.0,unknown,False,False,22.996401644311845,2000.0,unknown,False,False,21.9092640792951,2000.0,0.0,0.0,lean_core;recovery,lean_core;recovery,0
150,benchmarks/wordlevel/array/2024/sosylab/array-patterns/array17_pattern.btor2,unknown,False,False,37.373853891156614,2000.0,unknown,False,False,21.322486541233957,2000.0,unknown,False,False,21.191361186094582,2000.0,0.0,0.0,lean_core;recovery,lean_core;recovery,0
151,benchmarks/wordlevel/array/2024/sosylab/array-patterns/array18_pattern.btor2,unknown,False,False,36.119879567064345,2000.0,unknown,False,False,8.611059575341642,2000.0,unknown,False,False,8.582056602463126,2000.0,0.0,0.0,lean_core,lean_core,0
152,benchmarks/wordlevel/array/2024/sosylab/array-patterns/array22_pattern.btor2,unknown,False,False,33.223954007960856,2000.0,unknown,False,False,9.351216959767044,2000.0,unknown,False,False,9.135555258952081,2000.0,0.0,0.0,lean_core,lean_core,0
153,benchmarks/wordlevel/array/2024/sosylab/array-patterns/array23_pattern.btor2,unknown,False,False,33.98483031243086,2000.0,unknown,False,False,20.57650760933757,2000.0,unknown,False,False,20.44039680995047,2000.0,0.0,0.0,lean_core;recovery,lean_core;recovery,0
154,benchmarks/wordlevel/array/2024/sosylab/array-patterns/array29_pattern.btor2,missing,False,True,1000.1539256218821,2000.0,unknown,False,False,270.1096626473591,2000.0,unknown,False,False,292.7173182303086,2000.0,0.0,0.0,lean_core;recovery,lean_core;recovery,0
155,benchmarks/wordlevel/array/2024/sosylab/array-patterns/array4_pattern.btor2,unknown,False,False,8.21652103215456,2000.0,unknown,False,False,6.400472656823695,2000.0,unknown,False,False,6.217517761513591,2000.0,0.0,0.0,lean_core,lean_core,0
156,benchmarks/wordlevel/array/2024/sosylab/array-patterns/array5_pattern.btor2,unknown,False,False,8.766607947647572,2000.0,unknown,False,False,6.493333442136645,2000.0,unknown,False,False,6.417153351940215,2000.0,0.0,0.0,lean_core,lean_core,0
157,benchmarks/wordlevel/array/2024/sosylab/array-programs/partial_mod_count_5.btor2,unknown,False,False,40.69078061636537,2000.0,unknown,False,False,22.06822262518108,2000.0,unknown,False,False,23.063210955820978,2000.0,0.0,0.0,lean_core;recovery;lean_core,lean_core;recovery;lean_core,0
158,benchmarks/wordlevel/array/2024/sosylab/array-programs/partial_mod_count_limited_1.btor2,unknown,False,False,62.82445246446878,2000.0,unknown,False,False,38.24325256701559,2000.0,unknown,False,False,39.812928044237196,2000.0,0.0,0.0,lean_core;recovery;lean_core,lean_core;recovery;lean_core,0
159,benchmarks/wordlevel/array/2024/sosylab/array-programs/partial_mod_count_limited_3.btor2,unknown,False,False,101.22458310611546,2000.0,unknown,False,False,55.626141655258834,2000.0,unknown,False,False,57.51323719974607,2000.0,0.0,0.0,lean_core;recovery;lean_core,lean_core;recovery;lean_core,0
160,benchmarks/wordlevel/array/2024/sosylab/array-tiling/mbpr2.btor2,unknown,False,False,379.22017746511847,2000.0,unknown,False,False,279.127520987764,2000.0,unknown,False,False,283.9248291645199,2000.0,0.0,0.0,lean_core;recovery;lean_core,lean_core;recovery;lean_core,0
161,benchmarks/wordlevel/array/2024/sosylab/array-tiling/skippedu.btor2,unknown,False,False,35.420689336024225,2000.0,unknown,False,False,28.11676070932299,2000.0,unknown,False,False,28.524265496060252,2000.0,0.0,0.0,lean_core;recovery;lean_core,lean_core;recovery;lean_core,0
162,benchmarks/wordlevel/array/2024/sosylab/ddv-machzwd/ddv_machzwd_all.btor2,missing,False,True,1001.2013236396015,2000.0,missing,False,True,1000.5713583761826,2000.0,missing,False,True,1000.4908447498456,2000.0,0.0,0.0,,,0
163,benchmarks/wordlevel/array/2024/sosylab/ddv-machzwd/ddv_machzwd_inw.btor2,missing,False,True,1001.1521303532645,2000.0,missing,False,True,1001.2479277662933,2000.0,missing,False,True,1001.1163045018911,2000.0,0.0,0.0,,,0
164,benchmarks/wordlevel/array/2024/sosylab/ldv-regression/test28-2.btor2,missing,False,True,1000.1716865533963,2000.0,missing,False,True,1001.250055026263,2000.0,missing,False,True,1001.1145021449775,2000.0,0.0,0.0,,,0
165,benchmarks/wordlevel/array/2024/sosylab/loops/array-1.btor2,missing,False,True,1000.9401293005794,2000.0,missing,False,True,1001.0206383746117,2000.0,missing,False,True,1000.3708007493988,2000.0,0.0,0.0,lean_core;recovery,lean_core;recovery,0
166,benchmarks/wordlevel/array/2024/sosylab/loops/n.c11.btor2,unsat,True,False,3.3422463284805417,3.3422463284805417,unsat,True,False,4.191157161258161,4.191157161258161,unsat,True,False,4.249103209935129,4.249103209935129,-0.906856881454587,-0.05794604867696762,lean_core;recovery;lean_core,lean_core;recovery;lean_core,0
167,benchmarks/wordlevel/array/2024/sosylab/loops/string-2.btor2,unknown,False,False,12.350967770442367,2000.0,unknown,False,False,10.78958659991622,2000.0,unknown,False,False,10.820387371815741,2000.0,0.0,0.0,lean_core,lean_core,0
168,benchmarks/wordlevel/array/2024/sosylab/product-lines/email_spec11_productSimulator.cil.btor2,missing,False,True,1000.6182766919956,2000.0,missing,False,True,1000.9317378858104,2000.0,missing,False,True,1000.9655974600464,2000.0,0.0,0.0,,,0
169,benchmarks/wordlevel/array/2024/sosylab/product-lines/email_spec1_product28.cil.btor2,missing,False,True,1000.132941102609,2000.0,missing,False,True,1000.1381178554147,2000.0,missing,False,True,1000.1671780403703,2000.0,0.0,0.0,lean_core,lean_core,0
170,benchmarks/wordlevel/array/2024/sosylab/product-lines/email_spec1_product35.cil.btor2,missing,False,True,1000.1490168077871,2000.0,missing,False,True,1000.1402051784098,2000.0,missing,False,True,1000.1741555994377,2000.0,0.0,0.0,,,0
171,benchmarks/wordlevel/array/2024/sosylab/product-lines/email_spec27_product34.cil.btor2,missing,False,True,1000.1552667366341,2000.0,missing,False,True,1000.155536307022,2000.0,missing,False,True,1000.2129909638315,2000.0,0.0,0.0,,,0
172,benchmarks/wordlevel/array/2024/sosylab/product-lines/email_spec8_product14.cil.btor2,missing,False,True,1000.140070207417,2000.0,missing,False,True,1000.2279713498428,2000.0,missing,False,True,1000.2948302868754,2000.0,0.0,0.0,lean_core,lean_core,0
173,benchmarks/wordlevel/array/2024/sosylab/product-lines/email_spec8_product29.cil.btor2,missing,False,True,1000.1445065122098,2000.0,missing,False,True,1000.2602077322081,2000.0,missing,False,True,1000.3476027585566,2000.0,0.0,0.0,,,0
174,benchmarks/wordlevel/array/2024/sosylab/product-lines/email_spec9_product12.cil.btor2,missing,False,True,1000.2663371646777,2000.0,missing,False,True,1000.1386257242411,2000.0,missing,False,True,1000.1484247986227,2000.0,0.0,0.0,lean_core,lean_core,0
175,benchmarks/wordlevel/array/2024/sosylab/product-lines/email_spec9_product14.cil.btor2,missing,False,True,1000.1452027084306,2000.0,missing,False,True,1000.2115263035521,2000.0,missing,False,True,1000.2458586534485,2000.0,0.0,0.0,lean_core,lean_core,0
176,benchmarks/wordlevel/array/2024/sosylab/product-lines/email_spec9_product26.cil.btor2,missing,False,True,1000.1466253530234,2000.0,missing,False,True,1000.211019330658,2000.0,missing,False,True,1000.2479753261432,2000.0,0.0,0.0,lean_core,lean_core,0
177,benchmarks/wordlevel/array/2024/sosylab/product-lines/email_spec9_product35.cil.btor2,missing,False,True,1000.1520235259086,2000.0,missing,False,True,1000.2096729418263,2000.0,missing,False,True,1000.2524150125682,2000.0,0.0,0.0,,,0
178,benchmarks/wordlevel/array/2024/sosylab/reducercommutativity/max05-1.btor2,unknown,False,False,38.49746686499566,2000.0,unknown,False,False,38.86494575254619,2000.0,unknown,False,False,37.95940150041133,2000.0,0.0,0.0,lean_core,lean_core,0
179,benchmarks/wordlevel/array/2024/sosylab/reducercommutativity/max10-1.btor2,unknown,False,False,39.57674701232463,2000.0,unknown,False,False,37.156122784130275,2000.0,unknown,False,False,38.430943115614355,2000.0,0.0,0.0,lean_core,lean_core,0
180,benchmarks/wordlevel/array/2024/sosylab/reducercommutativity/sep20-1.btor2,unknown,False,False,39.73892390169203,2000.0,unknown,False,False,37.92566825821996,2000.0,unknown,False,False,37.77780595701188,2000.0,0.0,0.0,lean_core,lean_core,0
181,benchmarks/wordlevel/array/2024/sosylab/reducercommutativity/sep40-1.btor2,unknown,False,False,42.66247003246099,2000.0,unknown,False,False,38.18759529758245,2000.0,unknown,False,False,39.36865649744868,2000.0,0.0,0.0,lean_core,lean_core,0
182,benchmarks/wordlevel/array/2024/sosylab/seq-mthreaded/rekcba_aso.1.M4-2.btor2,missing,False,True,1002.2165204966441,2000.0,missing,False,True,1000.4826938230544,2000.0,missing,False,True,1001.8619463155046,2000.0,0.0,0.0,,,0
183,benchmarks/wordlevel/array/2024/sosylab/seq-mthreaded/rekcba_aso.2.M1-2.btor2,missing,False,True,1000.6452014092356,2000.0,missing,False,True,1000.5738595658913,2000.0,missing,False,True,1000.5954761877656,2000.0,0.0,0.0,,,0
184,benchmarks/wordlevel/array/2024/sosylab/seq-mthreaded/rekcba_aso.4.M4.btor2,missing,False,True,1001.1279561724514,2000.0,missing,False,True,1000.9963019881397,2000.0,missing,False,True,1002.0427722567692,2000.0,0.0,0.0,,,0
185,benchmarks/wordlevel/array/2024/sosylab/seq-mthreaded/rekcba_ctm.2-2.btor2,missing,False,True,1000.1834237212315,2000.0,missing,False,True,1000.1858963193372,2000.0,missing,False,True,1000.2148113381118,2000.0,0.0,0.0,,,0
186,benchmarks/wordlevel/array/2024/sosylab/seq-mthreaded/rekh_ctm.1.btor2,missing,False,True,1000.1894941879436,2000.0,missing,False,True,1000.1711069233716,2000.0,missing,False,True,1000.2037663944066,2000.0,0.0,0.0,,,0
187,benchmarks/wordlevel/array/2024/sosylab/seq-mthreaded/rekh_ctm.3-2.btor2,missing,False,True,1000.2060741139576,2000.0,missing,False,True,1000.1947657400742,2000.0,missing,False,True,1000.2354049924761,2000.0,0.0,0.0,,,0
188,benchmarks/wordlevel/array/2024/sosylab/seq-mthreaded/rekh_nxt.1.M1-1.btor2,missing,False,True,1001.8968156911433,2000.0,missing,False,True,1001.8627030821517,2000.0,missing,False,True,1001.9725146042183,2000.0,0.0,0.0,,,0
189,benchmarks/wordlevel/array/2024/sosylab/seq-mthreaded/rekh_nxt.3.M1.btor2,missing,False,True,1001.9155922839418,2000.0,missing,False,True,1001.909708478488,2000.0,missing,False,True,1002.0055540781468,2000.0,0.0,0.0,,,0
190,benchmarks/wordlevel/array/2025/sosylab/liveness-l2s-func/array-examples/sanfoundry_24-1.btor2,missing,False,True,1000.1938914423808,2000.0,missing,False,True,1000.7751907147467,2000.0,missing,False,True,1000.7901846412569,2000.0,0.0,0.0,lean_core,lean_core,0
191,benchmarks/wordlevel/array/2025/sosylab/liveness-l2s-func/array-industry-pattern/array_assert_loop_dep.btor2,missing,False,True,1000.2052986668423,2000.0,missing,False,True,1000.1988880923018,2000.0,missing,False,True,1000.194108242169,2000.0,0.0,0.0,lean_core;cex_diverse;recovery;recovery;lean_core;recovery;lean_core;recovery;lean_core;recovery;lean_core;recovery;recovery;lean_core;lean_core;recovery;lean_core,lean_core;cex_diverse;recovery;recovery;lean_core;recovery;lean_core;recovery;lean_core;recovery;lean_core;recovery;recovery;lean_core;lean_core;recovery;lean_core,0
192,benchmarks/wordlevel/array/2025/sosylab/liveness-l2s-func/loop-crafted/simple_array_index_value_1-1.btor2,missing,False,True,1000.2284942297265,2000.0,missing,False,True,1000.5601787492633,2000.0,missing,False,True,1000.4378129374236,2000.0,0.0,0.0,lean_core;cex_diverse;recovery;lean_core;recovery;recovery;lean_core;recovery;lean_core;lean_core;recovery;lean_core,lean_core;cex_diverse;recovery;lean_core;recovery;recovery;lean_core;recovery;lean_core;lean_core;recovery;lean_core,0
193,benchmarks/wordlevel/array/2025/sosylab/liveness-l2s-func/loop-crafted/simple_array_index_value_4.btor2,missing,False,True,1000.2048524748534,2000.0,missing,False,True,1000.4374279156327,2000.0,missing,False,True,1000.3779309019446,2000.0,0.0,0.0,lean_core;cex_diverse;recovery;recovery;lean_core;lean_core;recovery;lean_core;recovery,lean_core;cex_diverse;recovery;recovery;lean_core;lean_core;recovery;lean_core;recovery,0
194,benchmarks/wordlevel/array/2025/sosylab/liveness-l2s-func/reducercommutativity/max.btor2,unknown,False,False,45.97031306941062,2000.0,unknown,False,False,311.006523668766,2000.0,unknown,False,False,215.4242546176538,2000.0,0.0,0.0,lean_core;cex_diverse;recovery;recovery;lean_core;cex_diverse,lean_core;cex_diverse;recovery;recovery;lean_core;cex_diverse,0
195,benchmarks/wordlevel/array/2025/sosylab/liveness-l2s-func/reducercommutativity/max10-1.btor2,missing,False,True,1000.2018079003319,2000.0,missing,False,True,1000.345393541269,2000.0,missing,False,True,1000.2796034170315,2000.0,0.0,0.0,lean_core;cex_diverse;recovery;lean_core;recovery;cex_diverse;lean_core,lean_core;cex_diverse;recovery;lean_core;recovery;cex_diverse;lean_core,0
196,benchmarks/wordlevel/array/2025/sosylab/liveness-l2s-func/termination-crafted/LexIndexValue-Array-1.btor2,missing,False,True,1000.4226988404989,2000.0,missing,False,True,1000.5406757621095,2000.0,missing,False,True,1000.2170727793127,2000.0,0.0,0.0,lean_core;cex_diverse;recovery;recovery;lean_core;recovery;lean_core;recovery;lean_core;recovery;lean_core;recovery;lean_core;recovery;recovery,lean_core;cex_diverse;recovery;recovery;lean_core;recovery;lean_core;recovery;lean_core;recovery;lean_core;recovery;lean_core;recovery;recovery,0
197,benchmarks/wordlevel/array/2025/sosylab/liveness-l2s-rel/loop-acceleration/array_3-1.btor2,unknown,False,False,50.9664988508448,2000.0,missing,False,True,1002.2386708101258,2000.0,missing,False,True,1001.6103308135644,2000.0,0.0,0.0,lean_core;cex_diverse,lean_core;cex_diverse,0
198,benchmarks/wordlevel/array/2025/sosylab/liveness-l2s-rel/loop-acceleration/array_3-2.btor2,unknown,False,False,51.37994507327676,2000.0,missing,False,True,1002.2093832707033,2000.0,missing,False,True,1001.5363985178992,2000.0,0.0,0.0,lean_core;cex_diverse,lean_core;cex_diverse,0
199,benchmarks/wordlevel/array/2025/sosylab/liveness-l2s-rel/loop-crafted/simple_array_index_value_3.btor2,unknown,False,False,68.7931363414973,2000.0,unsat,True,False,52.08146357443184,52.08146357443184,unsat,True,False,56.46242499072105,56.46242499072105,1943.537575009279,-4.38096141628921,lean_core;cex_diverse;recovery;lean_core,lean_core;cex_diverse;recovery;lean_core,0
200,benchmarks/wordlevel/array/2025/sosylab/liveness-l2s-rel/loops/string-1.btor2,missing,False,True,1001.2552967295051,2000.0,unknown,False,False,724.9594338741153,2000.0,missing,False,True,1001.1468528546393,2000.0,0.0,0.0,lean_core;cex_diverse,lean_core;cex_diverse,0
201,benchmarks/wordlevel/array/2025/sosylab/liveness-l2s-rel/reducercommutativity/max.btor2,missing,False,True,1000.7939209537581,2000.0,missing,False,True,1001.2877788152546,2000.0,missing,False,True,1000.8484873780981,2000.0,0.0,0.0,,,0
202,benchmarks/wordlevel/array/2025/sosylab/safety-func/array-crafted/mapavg5.btor2,unknown,False,False,67.2464681873098,2000.0,missing,False,True,1000.8736830744892,2000.0,missing,False,True,1000.3675406128168,2000.0,0.0,0.0,lean_core;cex_diverse;recovery,lean_core;cex_diverse;recovery,0
203,benchmarks/wordlevel/array/2025/sosylab/safety-func/array-examples/standard_init3_ground-1.btor2,missing,False,True,1000.5141558069736,2000.0,missing,False,True,1000.764546893537,2000.0,missing,False,True,1000.6247951714322,2000.0,0.0,0.0,lean_core;cex_diverse;recovery;lean_core;lean_core;recovery,lean_core;cex_diverse;recovery;lean_core;lean_core;recovery,0
204,benchmarks/wordlevel/array/2025/sosylab/safety-func/array-examples/standard_sentinel.i.v+cfa-reducer.btor2,missing,False,True,1000.4506996227428,2000.0,missing,False,True,1000.6320783263072,2000.0,missing,False,True,1000.4785001426935,2000.0,0.0,0.0,lean_core;cex_diverse;recovery;lean_core;lean_core;recovery;lean_core;recovery;lean_core;recovery;lean_core;recovery,lean_core;cex_diverse;recovery;lean_core;lean_core;recovery;lean_core;recovery;lean_core;recovery;lean_core;recovery,0
205,benchmarks/wordlevel/array/2025/sosylab/safety-func/array-fpi/eqn1.btor2,unknown,False,False,4.315093251876533,2000.0,missing,False,True,1000.1356933852658,2000.0,missing,False,True,1001.0231184102595,2000.0,0.0,0.0,lean_core;cex_diverse,lean_core;cex_diverse,0
206,benchmarks/wordlevel/array/2025/sosylab/safety-func/array-fpi/ifcomp.btor2,unknown,False,False,5.765912887640297,2000.0,missing,False,True,1001.2569267926738,2000.0,missing,False,True,1001.1320664640516,2000.0,0.0,0.0,lean_core;cex_diverse;recovery,lean_core;cex_diverse;recovery,0
207,benchmarks/wordlevel/array/2025/sosylab/safety-func/array-fpi/ifcompf.btor2,unknown,False,False,4.844362168572843,2000.0,missing,False,True,1002.0417547756806,2000.0,missing,False,True,1000.1314969686791,2000.0,0.0,0.0,lean_core,lean_core,0
208,benchmarks/wordlevel/array/2025/sosylab/safety-func/array-fpi/res1.btor2,unknown,False,False,6.784006047993898,2000.0,missing,False,True,1001.5878690248355,2000.0,missing,False,True,1001.1428469708189,2000.0,0.0,0.0,lean_core;cex_diverse;recovery;lean_core,lean_core;cex_diverse;recovery;lean_core,0
209,benchmarks/wordlevel/array/2025/sosylab/safety-func/array-fpi/res2.btor2,unknown,False,False,7.452661944553256,2000.0,missing,False,True,1002.1206062529236,2000.0,missing,False,True,1000.9822845840827,2000.0,0.0,0.0,lean_core;cex_diverse;recovery;lean_core,lean_core;cex_diverse;recovery;lean_core,0
210,benchmarks/wordlevel/array/2025/sosylab/safety-func/array-fpi/s1if.btor2,missing,False,True,1001.1293173162267,2000.0,missing,False,True,1001.4323363658041,2000.0,missing,False,True,1000.6048834109679,2000.0,0.0,0.0,lean_core;cex_diverse;recovery,lean_core;cex_diverse;recovery,0
211,benchmarks/wordlevel/array/2025/sosylab/safety-func/array-fpi/s5iff.btor2,missing,False,True,1000.9816709393635,2000.0,missing,False,True,1001.3823691969737,2000.0,missing,False,True,1000.6482095196843,2000.0,0.0,0.0,lean_core;cex_diverse;recovery;lean_core;lean_core,lean_core;cex_diverse;recovery;lean_core;lean_core,0
212,benchmarks/wordlevel/array/2025/sosylab/safety-func/array-fpi/s5lif.btor2,unknown,False,False,2.0694027729332447,2000.0,missing,False,True,1000.9683323260397,2000.0,missing,False,True,1000.2762015182525,2000.0,0.0,0.0,lean_core;cex_diverse;recovery,lean_core;cex_diverse;recovery,0
213,benchmarks/wordlevel/array/2025/sosylab/safety-func/array-fpi/ss1.btor2,unknown,False,False,90.74934089649469,2000.0,missing,False,True,1001.5372307412326,2000.0,missing,False,True,1000.6003674957901,2000.0,0.0,0.0,lean_core;cex_diverse;recovery,lean_core;cex_diverse;recovery,0
214,benchmarks/wordlevel/array/2025/sosylab/safety-func/array-industry-pattern/array_assert_loop_dep.btor2,missing,False,True,1000.5241903392598,2000.0,missing,False,True,1000.8353581596166,2000.0,missing,False,True,1000.2748451912776,2000.0,0.0,0.0,lean_core;cex_diverse;recovery;recovery;lean_core;recovery;lean_core;recovery;lean_core;recovery;lean_core;recovery;lean_core;recovery;lean_core;recovery;lean_core;recovery,lean_core;cex_diverse;recovery;recovery;lean_core;recovery;lean_core;recovery;lean_core;recovery;lean_core;recovery;lean_core;recovery;lean_core;recovery;lean_core;recovery,0
215,benchmarks/wordlevel/array/2025/sosylab/safety-func/array-industry-pattern/array_shadowinit.btor2,unknown,False,False,2.293945752084255,2000.0,missing,False,True,1002.1569242635742,2000.0,missing,False,True,1000.877844190225,2000.0,0.0,0.0,lean_core;cex_diverse,lean_core;cex_diverse,0
216,benchmarks/wordlevel/array/2025/sosylab/safety-func/array-lopstr16/flag_loopdep_simple.btor2,missing,False,True,1000.4254366829991,2000.0,missing,False,True,1000.5353727303445,2000.0,missing,False,True,1000.2193175600842,2000.0,0.0,0.0,lean_core;cex_diverse;recovery;lean_core;recovery;lean_core;recovery;lean_core;recovery;lean_core,lean_core;cex_diverse;recovery;lean_core;recovery;lean_core;recovery;lean_core;recovery;lean_core,0
217,benchmarks/wordlevel/array/2025/sosylab/safety-func/array-patterns/array28_pattern.btor2,unknown,False,False,3.416733456775546,2000.0,unknown,False,False,117.3111742278561,2000.0,unknown,False,False,93.89920068345964,2000.0,0.0,0.0,lean_core;cex_diverse;recovery,lean_core;cex_diverse;recovery,0
218,benchmarks/wordlevel/array/2025/sosylab/safety-func/array-programs/partial_mod_count_4.btor2,missing,False,True,1000.4738673930988,2000.0,missing,False,True,1000.3364487728104,2000.0,missing,False,True,1000.2442765487358,2000.0,0.0,0.0,lean_core;cex_diverse;recovery;recovery;lean_core;lean_core;recovery;recovery;lean_core;lean_core;recovery,lean_core;cex_diverse;recovery;recovery;lean_core;lean_core;recovery;recovery;lean_core;lean_core;recovery,0
219,benchmarks/wordlevel/array/2025/sosylab/safety-func/array-tiling/mbpr5.btor2,unknown,False,False,10.634172434918582,2000.0,missing,False,True,1001.4537688177079,2000.0,missing,False,True,1000.769452419132,2000.0,0.0,0.0,lean_core;cex_diverse;recovery,lean_core;cex_diverse;recovery,0
220,benchmarks/wordlevel/array/2025/sosylab/safety-func/array-tiling/rewnifrev2.btor2,unknown,False,False,39.15940423402935,2000.0,missing,False,True,1001.0812335601076,2000.0,missing,False,True,1000.7293682657182,2000.0,0.0,0.0,lean_core;cex_diverse,lean_core;cex_diverse,0
221,benchmarks/wordlevel/array/2025/sosylab/safety-func/array-tiling/skipped.btor2,unknown,False,False,7.331213029101491,2000.0,missing,False,True,1001.2286415155977,2000.0,missing,False,True,1001.1259631393477,2000.0,0.0,0.0,lean_core;cex_diverse;recovery;lean_core,lean_core;cex_diverse;recovery;lean_core,0
222,benchmarks/wordlevel/array/2025/sosylab/safety-func/ntdrivers/kbfiltr.i.cil-2.btor2,missing,False,True,1000.6593463560566,2000.0,missing,False,True,1001.6835104394704,2000.0,missing,False,True,1001.338970492594,2000.0,0.0,0.0,,,0
223,benchmarks/wordlevel/array/2025/sosylab/safety-func/reducercommutativity/avg10-2.btor2,missing,False,True,1000.3928922666237,2000.0,missing,False,True,1000.3137721708044,2000.0,missing,False,True,1000.2316582817584,2000.0,0.0,0.0,lean_core;cex_diverse;recovery,lean_core;cex_diverse;recovery,0
224,benchmarks/wordlevel/array/2025/sosylab/safety-rel/array-examples/sorting_bubblesort_ground-1.btor2,unknown,False,False,26.74102504644543,2000.0,unknown,False,False,5.904156376607716,2000.0,unknown,False,False,5.993790579028428,2000.0,0.0,0.0,lean_core,lean_core,0
225,benchmarks/wordlevel/array/2025/sosylab/safety-rel/array-examples/standard_copy9_ground-1.btor2,unknown,False,False,40.58083925489336,2000.0,unknown,False,False,33.50511415861547,2000.0,unknown,False,False,32.92945602256805,2000.0,0.0,0.0,lean_core;recovery,lean_core;recovery,0
226,benchmarks/wordlevel/array/2025/sosylab/safety-rel/array-examples/standard_init7_ground-2.btor2,unknown,False,False,17.485954059287906,2000.0,unknown,False,False,12.360789611004293,2000.0,unknown,False,False,12.846972431987524,2000.0,0.0,0.0,lean_core;recovery;lean_core,lean_core;recovery;lean_core,0
227,benchmarks/wordlevel/array/2025/sosylab/safety-rel/array-examples/standard_partial_init_ground.btor2,unknown,False,False,14.077495790086687,2000.0,unknown,False,False,12.545903077349067,2000.0,unknown,False,False,12.739001989364624,2000.0,0.0,0.0,lean_core;recovery,lean_core;recovery,0
228,benchmarks/wordlevel/array/2025/sosylab/safety-rel/array-examples/standard_two_index_07.btor2,unknown,False,False,15.564009740017354,2000.0,unknown,False,False,6.563420253805816,2000.0,unknown,False,False,6.694021605886519,2000.0,0.0,0.0,lean_core;recovery;lean_core,lean_core;recovery;lean_core,0
229,benchmarks/wordlevel/array/2025/sosylab/safety-rel/array-fpi/ifeqn2.btor2,unknown,False,False,49.55694836936891,2000.0,unknown,False,False,26.029503951780498,2000.0,unknown,False,False,26.62887379527092,2000.0,0.0,0.0,lean_core;recovery;lean_core,lean_core;recovery;lean_core,0
230,benchmarks/wordlevel/array/2025/sosylab/safety-rel/array-fpi/s3if.btor2,missing,False,True,1000.434758332558,2000.0,missing,False,True,1000.9333416083828,2000.0,missing,False,True,1000.5646009845659,2000.0,0.0,0.0,lean_core,lean_core,0
231,benchmarks/wordlevel/array/2025/sosylab/safety-rel/array-industry-pattern/array_of_struct_loop_dep.btor2,missing,False,True,1000.2188511881977,2000.0,missing,False,True,1000.3671757169068,2000.0,missing,False,True,1000.230490995571,2000.0,0.0,0.0,,,0
232,benchmarks/wordlevel/array/2025/sosylab/safety-rel/array-multidimensional/diff-3-n-u.btor2,unknown,False,False,80.0031782835722,2000.0,unknown,False,False,82.27136686816812,2000.0,unknown,False,False,82.96902627497911,2000.0,0.0,0.0,lean_core;recovery;lean_core,lean_core;recovery;lean_core,0
233,benchmarks/wordlevel/array/2025/sosylab/safety-rel/array-patterns/array15_pattern.btor2,unknown,False,False,40.05974907800555,2000.0,unknown,False,False,8.17251087538898,2000.0,unknown,False,False,8.344168149866164,2000.0,0.0,0.0,lean_core,lean_core,0
234,benchmarks/wordlevel/array/2025/sosylab/safety-rel/array-patterns/array16_pattern.btor2,unknown,False,False,32.51089440099895,2000.0,unknown,False,False,18.43762165494263,2000.0,unknown,False,False,18.596117791719735,2000.0,0.0,0.0,lean_core;recovery,lean_core;recovery,0
235,benchmarks/wordlevel/array/2025/sosylab/safety-rel/array-patterns/array28_pattern.btor2,unknown,False,False,121.57198863383383,2000.0,unknown,False,False,71.02994411066175,2000.0,unknown,False,False,69.41105607710779,2000.0,0.0,0.0,lean_core;recovery;lean_core,lean_core;recovery;lean_core,0
236,benchmarks/wordlevel/array/2025/sosylab/safety-rel/array-programs/partial_mod_count_limited_4.btor2,unknown,False,False,63.635447106324136,2000.0,unknown,False,False,55.23292679991573,2000.0,unknown,False,False,40.54015230666846,2000.0,0.0,0.0,lean_core;recovery;lean_core,lean_core;recovery;lean_core,0
237,benchmarks/wordlevel/array/2025/sosylab/safety-rel/array-programs/partial_mod_count_limited_5.btor2,unknown,False,False,74.22310181614012,2000.0,unknown,False,False,55.16402885410935,2000.0,unknown,False,False,55.369904205203056,2000.0,0.0,0.0,lean_core;recovery;lean_core,lean_core;recovery;lean_core,0
238,benchmarks/wordlevel/array/2025/sosylab/safety-rel/array-programs/partial_mod_count_limited_base.btor2,unknown,False,False,28.27548901271075,2000.0,unknown,False,False,14.879114766605198,2000.0,unknown,False,False,14.971445593051612,2000.0,0.0,0.0,lean_core;recovery;lean_core,lean_core;recovery;lean_core,0
239,benchmarks/wordlevel/array/2025/sosylab/safety-rel/array-tiling/mbpr5.btor2,missing,False,True,1000.1845565736294,2000.0,missing,False,True,1000.5376579435542,2000.0,missing,False,True,1000.5607842830941,2000.0,0.0,0.0,lean_core;recovery;lean_core,lean_core;recovery;lean_core,0
240,benchmarks/wordlevel/array/2025/sosylab/safety-rel/array-tiling/pr3.btor2,missing,False,True,1000.7665576133877,2000.0,missing,False,True,1000.9021288286895,2000.0,missing,False,True,1000.7657088162377,2000.0,0.0,0.0,lean_core;recovery,lean_core;recovery,0
241,benchmarks/wordlevel/array/2025/sosylab/safety-rel/loop-lit/mcmillan2006.btor2,missing,False,True,1000.6773998914286,2000.0,missing,False,True,1000.413340232335,2000.0,missing,False,True,1000.4735448909923,2000.0,0.0,0.0,lean_core;recovery;lean_core,lean_core;recovery;lean_core,0
242,benchmarks/wordlevel/array/2025/sosylab/safety-rel/loops/compact.btor2,unknown,False,False,3.365701568312943,2000.0,unknown,False,False,1.5273336134850979,2000.0,unknown,False,False,1.5750513058155775,2000.0,0.0,0.0,lean_core,lean_core,0
243,benchmarks/wordlevel/array/2025/sosylab/safety-rel/loops/vogal-1.btor2,unknown,False,False,42.498348767869174,2000.0,unknown,False,False,3.534054142422974,2000.0,unknown,False,False,3.5281705604866147,2000.0,0.0,0.0,lean_core,lean_core,0
244,benchmarks/wordlevel/array/2025/sosylab/safety-rel/loops/vogal-2.btor2,unknown,False,False,44.29447555821389,2000.0,unknown,False,False,3.9754257202148438,2000.0,unknown,False,False,3.9490905459970236,2000.0,0.0,0.0,lean_core,lean_core,0
245,benchmarks/wordlevel/array/2025/sosylab/safety-rel/memory-model/4SB.btor2,missing,False,True,1000.1653951099142,2000.0,missing,False,True,1000.2632281687111,2000.0,missing,False,True,1000.2804961055517,2000.0,0.0,0.0,,,0
246,benchmarks/wordlevel/array/2025/sosylab/safety-rel/reducercommutativity/avg60-1.btor2,unknown,False,False,96.96756216417998,2000.0,unknown,False,False,58.8079510582611,2000.0,unknown,False,False,64.95172425638884,2000.0,0.0,0.0,lean_core,lean_core,0
247,benchmarks/wordlevel/array/2025/sosylab/safety-rel/seq-mthreaded/rekcba_aso.1.M1-2.btor2,missing,False,True,1000.6334719508886,2000.0,missing,False,True,1000.5316445818171,2000.0,missing,False,True,1000.652039706707,2000.0,0.0,0.0,,,0
248,benchmarks/wordlevel/array/2025/sosylab/safety-rel/verifythis/duplets.btor2,missing,False,True,1000.9446733482182,2000.0,missing,False,True,1000.8406451074407,2000.0,missing,False,True,1000.8231329247355,2000.0,0.0,0.0,lean_core,lean_core,0
249,benchmarks/wordlevel/array/2025/sosylab/safety-rel/verifythis/elimination_max.btor2,missing,False,True,1000.6298596579581,2000.0,missing,False,True,1000.7391187790781,2000.0,missing,False,True,1000.7801614496857,2000.0,0.0,0.0,lean_core,lean_core,0
250,benchmarks/wordlevel/array/2025/yosyshq/riscv_formal_nerv_axi_cache_bus_dmem_ch0-p11.btor2,missing,False,True,1000.1461958698928,2000.0,missing,False,True,1000.1588578950614,2000.0,missing,False,True,1000.1757295364514,2000.0,0.0,0.0,lean_core,,0
251,benchmarks/wordlevel/array/2025/yosyshq/riscv_formal_nerv_axi_cache_bus_dmem_ch0-p13.btor2,missing,False,True,1000.1451821411029,2000.0,missing,False,True,1000.1334914136678,2000.0,missing,False,True,1000.2182368943468,2000.0,0.0,0.0,,,0
252,benchmarks/wordlevel/array/2025/yosyshq/riscv_formal_nerv_axi_cache_bus_dmem_ch0-p2.btor2,missing,False,True,1000.1726068919525,2000.0,missing,False,True,1000.1852426435798,2000.0,missing,False,True,1000.2159186881036,2000.0,0.0,0.0,,,0
253,benchmarks/wordlevel/array/2025/yosyshq/riscv_formal_nerv_axi_cache_bus_dmem_ch0-p3.btor2,missing,False,True,1000.1399130932987,2000.0,missing,False,True,1000.1205299915746,2000.0,missing,False,True,1000.2110819332302,2000.0,0.0,0.0,,,0
254,benchmarks/wordlevel/array/2025/yosyshq/riscv_formal_nerv_axi_cache_bus_dmem_ch0-p6.btor2,missing,False,True,1000.1513273837045,2000.0,missing,False,True,1000.1956067727879,2000.0,missing,False,True,1000.1789881344885,2000.0,0.0,0.0,,,0
255,benchmarks/wordlevel/array/2025/yosyshq/riscv_formal_nerv_axi_cache_bus_dmem_ch0-p7.btor2,missing,False,True,1000.1457116678357,2000.0,missing,False,True,1000.1972246458754,2000.0,missing,False,True,1000.1731439856812,2000.0,0.0,0.0,,,0
256,benchmarks/wordlevel/array/2025/yosyshq/riscv_formal_nerv_axi_cache_bus_dmem_ch0-p8.btor2,missing,False,True,1000.4856388298795,2000.0,missing,False,True,1000.444718355313,2000.0,missing,False,True,1000.2397080762312,2000.0,0.0,0.0,,,0
257,benchmarks/wordlevel/array/2025/yosyshq/riscv_formal_nerv_axi_cache_bus_dmem_ch0_faulty-p14.btor2,missing,False,True,1000.4822847982869,2000.0,missing,False,True,1000.3631114782766,2000.0,missing,False,True,1000.1962246578187,2000.0,0.0,0.0,lean_core,lean_core,0
258,benchmarks/wordlevel/array/2025/yosyshq/riscv_formal_nerv_axi_cache_bus_dmem_ch0_faulty-p2.btor2,missing,False,True,1000.471670569852,2000.0,missing,False,True,1000.3674965873361,2000.0,missing,False,True,1000.1985577866435,2000.0,0.0,0.0,lean_core,lean_core,0
259,benchmarks/wordlevel/array/2025/yosyshq/riscv_formal_nerv_axi_cache_bus_dmem_ch0_faulty-p3.btor2,missing,False,True,1000.4856627788395,2000.0,missing,False,True,1000.3770155636594,2000.0,missing,False,True,1000.1948049450293,2000.0,0.0,0.0,lean_core,lean_core,0
260,benchmarks/wordlevel/array/2025/yosyshq/riscv_formal_nerv_axi_cache_bus_dmem_fault_ch0-p1.btor2,missing,False,True,1000.4559887619689,2000.0,missing,False,True,1000.3631966663525,2000.0,missing,False,True,1000.1948314476758,2000.0,0.0,0.0,lean_core,lean_core,0
261,benchmarks/wordlevel/array/2025/yosyshq/riscv_formal_nerv_axi_cache_bus_dmem_fault_ch0-p12.btor2,missing,False,True,1000.4722661469132,2000.0,missing,False,True,1000.3439969792962,2000.0,missing,False,True,1000.2003852752969,2000.0,0.0,0.0,lean_core,,0
262,benchmarks/wordlevel/array/2025/yosyshq/riscv_formal_nerv_axi_cache_bus_dmem_fault_ch0-p15.btor2,missing,False,True,1000.5003934260458,2000.0,missing,False,True,1000.3450157949701,2000.0,missing,False,True,1000.1693064142019,2000.0,0.0,0.0,lean_core,lean_core,0
263,benchmarks/wordlevel/array/2025/yosyshq/riscv_formal_nerv_axi_cache_bus_dmem_fault_ch0-p18.btor2,missing,False,True,1000.4713800698519,2000.0,missing,False,True,1000.3547929963097,2000.0,missing,False,True,1000.1913990834728,2000.0,0.0,0.0,lean_core,,0
264,benchmarks/wordlevel/array/2025/yosyshq/riscv_formal_nerv_axi_cache_bus_dmem_fault_ch0-p19.btor2,missing,False,True,1000.4766447553411,2000.0,missing,False,True,1000.306411950849,2000.0,missing,False,True,1000.1915484694764,2000.0,0.0,0.0,lean_core,lean_core,0
265,benchmarks/wordlevel/array/2025/yosyshq/riscv_formal_nerv_axi_cache_bus_dmem_fault_ch0-p2.btor2,missing,False,True,1000.4738724846393,2000.0,missing,False,True,1000.2498218268156,2000.0,missing,False,True,1000.1862470032647,2000.0,0.0,0.0,lean_core,,0
266,benchmarks/wordlevel/array/2025/yosyshq/riscv_formal_nerv_axi_cache_bus_dmem_fault_ch0-p23.btor2,missing,False,True,1000.4976711757481,2000.0,missing,False,True,1000.3533766856417,2000.0,missing,False,True,1000.2544912174344,2000.0,0.0,0.0,lean_core,,0
267,benchmarks/wordlevel/array/2025/yosyshq/riscv_formal_nerv_axi_cache_bus_dmem_fault_ch0_faulty-p14.btor2,missing,False,True,1000.4887374900281,2000.0,missing,False,True,1000.4339817781001,2000.0,missing,False,True,1000.3359604617581,2000.0,0.0,0.0,,,0
268,benchmarks/wordlevel/array/2025/yosyshq/riscv_formal_nerv_axi_cache_bus_dmem_fault_ch0_faulty-p15.btor2,missing,False,True,1000.4668850367889,2000.0,missing,False,True,1000.4478350384161,2000.0,missing,False,True,1000.330534208566,2000.0,0.0,0.0,,,0
269,benchmarks/wordlevel/array/2025/yosyshq/riscv_formal_nerv_axi_cache_bus_dmem_fault_ch0_faulty-p17.btor2,missing,False,True,1000.4209471167997,2000.0,missing,False,True,1000.3723698556423,2000.0,missing,False,True,1000.2619869094342,2000.0,0.0,0.0,lean_core,,0
270,benchmarks/wordlevel/array/2025/yosyshq/riscv_formal_nerv_axi_cache_bus_dmem_fault_ch0_faulty-p19.btor2,missing,False,True,1000.4567169686779,2000.0,missing,False,True,1000.3143573971465,2000.0,missing,False,True,1000.263448709622,2000.0,0.0,0.0,lean_core,,0
271,benchmarks/wordlevel/array/2025/yosyshq/riscv_formal_nerv_axi_cache_bus_dmem_fault_ch0_faulty-p2.btor2,missing,False,True,1000.479526007548,2000.0,missing,False,True,1000.3626418532804,2000.0,missing,False,True,1000.2544339615852,2000.0,0.0,0.0,,,0
272,benchmarks/wordlevel/array/2025/yosyshq/riscv_formal_nerv_axi_cache_bus_dmem_fault_ch0_faulty-p22.btor2,missing,False,True,1000.4757878240198,2000.0,missing,False,True,1000.3667382337153,2000.0,missing,False,True,1000.2471396811306,2000.0,0.0,0.0,lean_core,,0
273,benchmarks/wordlevel/array/2025/yosyshq/riscv_formal_nerv_axi_cache_bus_dmem_fault_ch0_faulty-p24.btor2,missing,False,True,1000.4724390814081,2000.0,missing,False,True,1000.4341519800946,2000.0,missing,False,True,1000.3350765500218,2000.0,0.0,0.0,,,0
274,benchmarks/wordlevel/array/2025/yosyshq/riscv_formal_nerv_axi_cache_bus_dmem_fault_ch0_faulty-p6.btor2,missing,False,True,1000.4902409194037,2000.0,missing,False,True,1000.4710809830576,2000.0,missing,False,True,1000.3324337443337,2000.0,0.0,0.0,,,0
275,benchmarks/wordlevel/array/2025/yosyshq/riscv_formal_nerv_axi_cache_bus_dmem_fault_ch0_faulty-p7.btor2,missing,False,True,1000.4521230515093,2000.0,missing,False,True,1000.4244655100629,2000.0,missing,False,True,1000.3295187642798,2000.0,0.0,0.0,,,0
276,benchmarks/wordlevel/array/2025/yosyshq/riscv_formal_nerv_axi_cache_bus_dmem_io_order_ch0-p9.btor2,missing,False,True,1000.4648665953428,2000.0,missing,False,True,1000.2494949484244,2000.0,missing,False,True,1000.2133629349992,2000.0,0.0,0.0,lean_core,lean_core,0
277,benchmarks/wordlevel/array/2025/yosyshq/riscv_formal_nerv_axi_cache_bus_dmem_io_read_ch0-p11.btor2,missing,False,True,1000.4349621320143,2000.0,missing,False,True,1000.3164008548483,2000.0,missing,False,True,1000.1924539534375,2000.0,0.0,0.0,lean_core,lean_core,0
278,benchmarks/wordlevel/array/2025/yosyshq/riscv_formal_nerv_axi_cache_bus_dmem_io_read_ch0-p13.btor2,missing,False,True,1000.46704895515,2000.0,missing,False,True,1000.4745468888432,2000.0,missing,False,True,1000.3309531584382,2000.0,0.0,0.0,,,0
279,benchmarks/wordlevel/array/2025/yosyshq/riscv_formal_nerv_axi_cache_bus_dmem_io_read_ch0-p2.btor2,unsat,True,False,0.9573873095214367,0.9573873095214367,unsat,True,False,0.8765108473598957,0.8765108473598957,unsat,True,False,0.897314602509141,0.897314602509141,0.06007270701229572,-0.020803755149245262,,,0
280,benchmarks/wordlevel/array/2025/yosyshq/riscv_formal_nerv_axi_cache_bus_dmem_io_read_ch0-p3.btor2,missing,False,True,1000.4381484435871,2000.0,missing,False,True,1000.454582316801,2000.0,missing,False,True,1000.3310759318992,2000.0,0.0,0.0,,,0
281,benchmarks/wordlevel/array/2025/yosyshq/riscv_formal_nerv_axi_cache_bus_dmem_io_read_fault_ch0-p2.btor2,unsat,True,False,0.9143121214583516,0.9143121214583516,unsat,True,False,0.7375930091366172,0.7375930091366172,unsat,True,False,0.8271455056965351,0.8271455056965351,0.0871666157618165,-0.08955249655991793,,,0
282,benchmarks/wordlevel/array/2025/yosyshq/riscv_formal_nerv_axi_cache_bus_dmem_io_read_fault_ch0-p7.btor2,missing,False,True,1000.4740464556962,2000.0,missing,False,True,1000.2546066986397,2000.0,missing,False,True,1000.332615618594,2000.0,0.0,0.0,,,0
283,benchmarks/wordlevel/array/2025/yosyshq/riscv_formal_nerv_axi_cache_bus_dmem_io_write_ch0-p1.btor2,missing,False,True,1000.488311285153,2000.0,missing,False,True,1000.261764367111,2000.0,missing,False,True,1000.3293069982901,2000.0,0.0,0.0,,,0
284,benchmarks/wordlevel/array/2025/yosyshq/riscv_formal_nerv_axi_cache_bus_dmem_io_write_ch0-p12.btor2,missing,False,True,1000.4770453050733,2000.0,missing,False,True,1000.1849735463038,2000.0,missing,False,True,1000.2429419299588,2000.0,0.0,0.0,lean_core,lean_core,0
285,benchmarks/wordlevel/array/2025/yosyshq/riscv_formal_nerv_axi_cache_bus_dmem_io_write_ch0-p14.btor2,missing,False,True,1000.4645620109513,2000.0,missing,False,True,1000.2868924243376,2000.0,missing,False,True,1000.1668198751286,2000.0,0.0,0.0,,,0
286,benchmarks/wordlevel/array/2025/yosyshq/riscv_formal_nerv_axi_cache_bus_dmem_io_write_ch0-p5.btor2,missing,False,True,1000.4423183491454,2000.0,missing,False,True,1000.252680326812,2000.0,missing,False,True,1000.1625835373998,2000.0,0.0,0.0,,,0
287,benchmarks/wordlevel/array/2025/yosyshq/riscv_formal_nerv_axi_cache_bus_dmem_io_write_fault_ch0-p10.btor2,missing,False,True,1000.3844667365775,2000.0,missing,False,True,1000.2853437662125,2000.0,missing,False,True,1000.1831049742177,2000.0,0.0,0.0,,,0
288,benchmarks/wordlevel/array/2025/yosyshq/riscv_formal_nerv_axi_cache_bus_dmem_io_write_fault_ch0-p6.btor2,missing,False,True,1000.4051429489627,2000.0,missing,False,True,1000.1705280477181,2000.0,missing,False,True,1000.1257822113112,2000.0,0.0,0.0,lean_core,lean_core,0
289,benchmarks/wordlevel/array/2025/yosyshq/riscv_formal_nerv_axi_cache_bus_imem_ch0-p1.btor2,missing,False,True,1000.3923318572342,2000.0,missing,False,True,1000.1917473003268,2000.0,missing,False,True,1000.1276027830318,2000.0,0.0,0.0,lean_core,lean_core,0
290,benchmarks/wordlevel/array/2025/yosyshq/riscv_formal_nerv_axi_cache_bus_imem_ch0-p10.btor2,missing,False,True,1000.3822280252352,2000.0,missing,False,True,1000.2476653940976,2000.0,missing,False,True,1000.1874946886674,2000.0,0.0,0.0,,,0
291,benchmarks/wordlevel/array/2025/yosyshq/riscv_formal_nerv_axi_cache_bus_imem_ch0-p12.btor2,missing,False,True,1000.1573939966038,2000.0,missing,False,True,1000.1752695608884,2000.0,missing,False,True,1000.1837958181277,2000.0,0.0,0.0,,,0
292,benchmarks/wordlevel/array/2025/yosyshq/riscv_formal_nerv_axi_cache_bus_imem_ch0-p14.btor2,missing,False,True,1000.1476219277829,2000.0,missing,False,True,1000.1354652149603,2000.0,missing,False,True,1000.1510671451688,2000.0,0.0,0.0,lean_core,lean_core,0
293,benchmarks/wordlevel/array/2025/yosyshq/riscv_formal_nerv_axi_cache_bus_imem_ch0-p7.btor2,missing,False,True,1000.152575597167,2000.0,missing,False,True,1000.1061100466177,2000.0,missing,False,True,1000.1490259030834,2000.0,0.0,0.0,,,0
294,benchmarks/wordlevel/array/2025/yosyshq/riscv_formal_nerv_axi_cache_bus_imem_ch0-p8.btor2,unsat,True,False,1.0865560928359628,1.0865560928359628,unsat,True,False,1.0049773016944528,1.0049773016944528,unsat,True,False,1.0639745872467756,1.0639745872467756,0.022581505589187145,-0.058997285552322865,,,0
295,benchmarks/wordlevel/array/2025/yosyshq/riscv_formal_nerv_axi_cache_bus_imem_ch0_faulty-p0.btor2,missing,False,True,1000.1682750256732,2000.0,missing,False,True,1000.1448201388121,2000.0,missing,False,True,1000.1497165802866,2000.0,0.0,0.0,lean_core,lean_core,0
296,benchmarks/wordlevel/array/2025/yosyshq/riscv_formal_nerv_axi_cache_bus_imem_ch0_faulty-p13.btor2,missing,False,True,1000.1699614888057,2000.0,missing,False,True,1000.1575988717377,2000.0,missing,False,True,1000.1386380065233,2000.0,0.0,0.0,lean_core,lean_core,0
297,benchmarks/wordlevel/array/2025/yosyshq/riscv_formal_nerv_axi_cache_bus_imem_ch0_faulty-p2.btor2,missing,False,True,1000.1524305064231,2000.0,missing,False,True,1000.114717695862,2000.0,missing,False,True,1000.2260541077703,2000.0,0.0,0.0,,,0
298,benchmarks/wordlevel/array/2025/yosyshq/riscv_formal_nerv_axi_cache_bus_imem_ch0_faulty-p3.btor2,missing,False,True,1000.171446335502,2000.0,missing,False,True,1000.143758168444,2000.0,missing,False,True,1000.2101151971146,2000.0,0.0,0.0,lean_core,lean_core,0
299,benchmarks/wordlevel/array/2025/yosyshq/riscv_formal_nerv_axi_cache_bus_imem_ch0_faulty-p5.btor2,missing,False,True,1000.1720088813454,2000.0,missing,False,True,1000.1418606964871,2000.0,missing,False,True,1000.2174877338111,2000.0,0.0,0.0,lean_core,lean_core,0
300,benchmarks/wordlevel/array/2025/yosyshq/riscv_formal_nerv_axi_cache_bus_imem_fault_ch0-p1.btor2,missing,False,True,1000.1601586099714,2000.0,missing,False,True,1000.19995737914,2000.0,missing,False,True,1000.2231212574989,2000.0,0.0,0.0,,,0
301,benchmarks/wordlevel/array/2025/yosyshq/riscv_formal_nerv_axi_cache_bus_imem_fault_ch0-p10.btor2,missing,False,True,1000.1332024689764,2000.0,missing,False,True,1000.1814538305625,2000.0,missing,False,True,1000.2166899852455,2000.0,0.0,0.0,lean_core,,0
302,benchmarks/wordlevel/array/2025/yosyshq/riscv_formal_nerv_axi_cache_bus_imem_fault_ch0-p13.btor2,missing,False,True,1000.1415575500578,2000.0,missing,False,True,1000.1779108149931,2000.0,missing,False,True,1000.2063293838874,2000.0,0.0,0.0,lean_core,,0
303,benchmarks/wordlevel/array/2025/yosyshq/riscv_formal_nerv_axi_cache_bus_imem_fault_ch0-p15.btor2,missing,False,True,1000.1547913718969,2000.0,missing,False,True,1000.1930553736165,2000.0,missing,False,True,1000.2161655118689,2000.0,0.0,0.0,lean_core,,0
304,benchmarks/wordlevel/array/2025/yosyshq/riscv_formal_nerv_axi_cache_bus_imem_fault_ch0-p2.btor2,missing,False,True,1000.1438082261011,2000.0,missing,False,True,1000.1925548538566,2000.0,missing,False,True,1000.2196180094033,2000.0,0.0,0.0,,,0
305,benchmarks/wordlevel/array/2025/yosyshq/riscv_formal_nerv_axi_cache_bus_imem_fault_ch0-p7.btor2,missing,False,True,1000.1555399606004,2000.0,missing,False,True,1000.2397769885138,2000.0,missing,False,True,1000.2767290687189,2000.0,0.0,0.0,,,0
306,benchmarks/wordlevel/array/2025/yosyshq/riscv_formal_nerv_axi_cache_bus_imem_fault_ch0-p9.btor2,missing,False,True,1000.1542996875942,2000.0,missing,False,True,1000.1807383112609,2000.0,missing,False,True,1000.2138914521784,2000.0,0.0,0.0,lean_core,,0
307,benchmarks/wordlevel/array/2025/yosyshq/riscv_formal_nerv_axi_cache_bus_imem_fault_ch0_faulty-p18.btor2,missing,False,True,1000.1586472140625,2000.0,missing,False,True,1000.1898600254208,2000.0,missing,False,True,1000.2115969341248,2000.0,0.0,0.0,lean_core,lean_core,0
308,benchmarks/wordlevel/array/2025/yosyshq/riscv_formal_nerv_axi_cache_bus_imem_fault_ch0_faulty-p2.btor2,missing,False,True,1000.1665800586343,2000.0,missing,False,True,1000.1877273535356,2000.0,missing,False,True,1000.2267719199881,2000.0,0.0,0.0,lean_core,lean_core,0
309,benchmarks/wordlevel/array/2025/yosyshq/riscv_formal_nerv_axi_cache_bus_imem_fault_ch0_faulty-p8.btor2,missing,False,True,1000.1750809662044,2000.0,missing,False,True,1000.1926286322996,2000.0,missing,False,True,1000.2315215291455,2000.0,0.0,0.0,lean_core,,0
