index,year,benchmark,baseline_result,baseline_solved,baseline_wall_seconds,baseline_par2,final_result,final_solved,final_wall_seconds,final_par2,winner,par2_improvement
0,2019,benchmarks/wordlevel/array/2019/mann/safe/arbitrated_fifos_n2d8w8.btor2,missing,False,1000.5610568476841,2000.0,missing,False,1000.4772247383371,2000.0,tie,0.0
1,2019,benchmarks/wordlevel/array/2019/mann/safe/linked_list_fifo_n2d4.btor2,missing,False,1000.7095415592194,2000.0,missing,False,1000.7485612984747,2000.0,tie,0.0
2,2019,benchmarks/wordlevel/array/2019/mann/unknown/ridecore_array.btor2,missing,False,1000.2746517350897,2000.0,missing,False,1000.1988237909973,2000.0,tie,0.0
3,2019,benchmarks/wordlevel/array/2019/mann/unsafe/ridecore_array.btor2,missing,False,1000.2730847634375,2000.0,missing,False,1000.2084128921852,2000.0,tie,0.0
4,2019,benchmarks/wordlevel/array/2019/wolf/2018A/VexRiscv-regch0-15-p0.btor2,missing,False,1000.1294368328527,2000.0,missing,False,1000.1317973583937,2000.0,tie,0.0
5,2019,benchmarks/wordlevel/array/2019/wolf/2018A/VexRiscv-regch0-15-p1.btor2,missing,False,1000.1385480416939,2000.0,missing,False,1000.1391132008284,2000.0,tie,0.0
6,2019,benchmarks/wordlevel/array/2019/wolf/2018A/picorv32-check-p12.btor2,unknown,False,146.54088763985783,2000.0,missing,False,1000.1550673916936,2000.0,tie,0.0
7,2019,benchmarks/wordlevel/array/2019/wolf/2018A/picorv32-check-p20.btor2,unknown,False,149.05147434119135,2000.0,unsat,True,318.9158403240144,318.9158403240144,final,1681.0841596759856
8,2019,benchmarks/wordlevel/array/2019/wolf/2018A/picorv32-check-p7.btor2,unknown,False,172.81179166119546,2000.0,missing,False,1000.163164421916,2000.0,tie,0.0
9,2019,benchmarks/wordlevel/array/2019/wolf/2018A/zipcpu-zipmmu-p34.btor2,unsat,True,0.4066238384693861,0.4066238384693861,unsat,True,0.45112962462008,0.45112962462008,baseline,-0.04450578615069389
10,2019,benchmarks/wordlevel/array/2019/wolf/2018A/zipcpu-zipmmu-p40.btor2,missing,False,1000.1417597625405,2000.0,missing,False,1000.1546458406374,2000.0,tie,0.0
11,2019,benchmarks/wordlevel/array/2019/wolf/2019A/picorv32_mutAX_mem-p0.btor2,missing,False,1000.1752914786339,2000.0,missing,False,1000.161499091424,2000.0,tie,0.0
12,2019,benchmarks/wordlevel/array/2019/wolf/2019A/picorv32_mutAX_mem-p7.btor2,missing,False,1000.239763174206,2000.0,missing,False,1000.1633048420772,2000.0,tie,0.0
13,2019,benchmarks/wordlevel/array/2019/wolf/2019A/picorv32_mutBX_mem-p1.btor2,missing,False,1000.2058058036491,2000.0,missing,False,1000.1598095539957,2000.0,tie,0.0
14,2019,benchmarks/wordlevel/array/2019/wolf/2019A/picorv32_mutBX_mem-p5.btor2,missing,False,1000.1911597941071,2000.0,missing,False,1000.1546097313985,2000.0,tie,0.0
15,2019,benchmarks/wordlevel/array/2019/wolf/2019A/picorv32_mutCX_mem-p5.btor2,missing,False,1000.2202168293297,2000.0,missing,False,1000.1593394782394,2000.0,tie,0.0
16,2019,benchmarks/wordlevel/array/2019/wolf/2019A/picorv32_mutCY_mem-p5.btor2,missing,False,1000.2109458222985,2000.0,missing,False,1000.3285899860784,2000.0,tie,0.0
17,2019,benchmarks/wordlevel/array/2019/wolf/2019C/dblclockfft_butterfly_ck3_r1-p105.btor2,unknown,False,23.10416834242642,2000.0,unknown,False,828.8081126986071,2000.0,tie,0.0
18,2019,benchmarks/wordlevel/array/2019/wolf/2019C/dblclockfft_butterfly_ck3_r1-p44.btor2,unknown,False,8.881952594034374,2000.0,missing,False,1000.1844415729865,2000.0,tie,0.0
19,2019,benchmarks/wordlevel/array/2019/wolf/2019C/zipcpu_zipcpu_dcache-p105.btor2,unsat,True,351.6641521314159,351.6641521314159,unsat,True,128.74693750217557,128.74693750217557,final,222.91721462924033
20,2019,benchmarks/wordlevel/array/2019/wolf/2019C/zipcpu_zipcpu_dcache-p106.btor2,unsat,True,378.74876809865236,378.74876809865236,unsat,True,162.14899802580476,162.14899802580476,final,216.5997700728476
21,2019,benchmarks/wordlevel/array/2019/wolf/2019C/zipcpu_zipcpu_dcache-p181.btor2,unsat,True,2.6871265145018697,2.6871265145018697,unsat,True,2.5605939077213407,2.5605939077213407,final,0.12653260678052902
22,2019,benchmarks/wordlevel/array/2019/wolf/2019C/zipcpu_zipcpu_dcache-p208.btor2,missing,False,1000.1491547664627,2000.0,missing,False,1000.1130703873932,2000.0,tie,0.0
23,2019,benchmarks/wordlevel/array/2019/wolf/2019C/zipcpu_zipcpu_dcache-p231.btor2,missing,False,1000.1723187202588,2000.0,missing,False,1000.1337220137939,2000.0,tie,0.0
24,2019,benchmarks/wordlevel/array/2019/wolf/2019C/zipcpu_zipcpu_dcache-p238.btor2,unsat,True,1.5110695697367191,1.5110695697367191,unsat,True,1.5769098391756415,1.5769098391756415,baseline,-0.0658402694389224
25,2019,benchmarks/wordlevel/array/2019/wolf/2019C/zipcpu_zipcpu_dcache-p250.btor2,missing,False,1000.1304411878809,2000.0,missing,False,1000.1140503557399,2000.0,tie,0.0
26,2019,benchmarks/wordlevel/array/2019/wolf/2019C/zipcpu_zipcpu_dcache-p260.btor2,missing,False,1000.1825930727646,2000.0,missing,False,1000.1301167421043,2000.0,tie,0.0
27,2019,benchmarks/wordlevel/array/2019/wolf/2019C/zipcpu_zipcpu_dcache-p274.btor2,unsat,True,20.785388226620853,20.785388226620853,unsat,True,2.9185647713020444,2.9185647713020444,final,17.86682345531881
28,2019,benchmarks/wordlevel/array/2019/wolf/2019C/zipcpu_zipcpu_dcache-p277.btor2,missing,False,1000.1816872414201,2000.0,missing,False,1000.1353066936135,2000.0,tie,0.0
29,2019,benchmarks/wordlevel/array/2019/wolf/2019C/zipcpu_zipcpu_dcache-p295.btor2,unsat,True,2.950561575591564,2.950561575591564,unsat,True,3.4852226255461574,3.4852226255461574,baseline,-0.5346610499545932
30,2019,benchmarks/wordlevel/array/2019/wolf/2019C/zipcpu_zipcpu_dcache-p317.btor2,unsat,True,3.053483380936086,3.053483380936086,unsat,True,3.925654672086239,3.925654672086239,baseline,-0.8721712911501527
31,2019,benchmarks/wordlevel/array/2019/wolf/2019C/zipcpu_zipcpu_dcache-p322.btor2,missing,False,1000.1592631936073,2000.0,missing,False,1000.121620638296,2000.0,tie,0.0
32,2019,benchmarks/wordlevel/array/2019/wolf/2019C/zipcpu_zipcpu_dcache-p343.btor2,missing,False,1000.1798921367154,2000.0,missing,False,1000.1205495819449,2000.0,tie,0.0
33,2019,benchmarks/wordlevel/array/2019/wolf/2019C/zipcpu_zipcpu_dcache-p346.btor2,missing,False,1000.1506469249725,2000.0,missing,False,1000.1237563705072,2000.0,tie,0.0
34,2019,benchmarks/wordlevel/array/2019/wolf/2019C/zipcpu_zipcpu_dcache-p359.btor2,missing,False,1000.160543252714,2000.0,missing,False,1000.1140118939802,2000.0,tie,0.0
35,2019,benchmarks/wordlevel/array/2019/wolf/2019C/zipcpu_zipcpu_dcache-p371.btor2,missing,False,1000.2023140247911,2000.0,missing,False,1000.1289368877187,2000.0,tie,0.0
36,2019,benchmarks/wordlevel/array/2019/wolf/2019C/zipcpu_zipcpu_dcache-p428.btor2,missing,False,1000.1655787024647,2000.0,missing,False,1000.1135950256139,2000.0,tie,0.0
37,2019,benchmarks/wordlevel/array/2019/wolf/2019C/zipcpu_zipcpu_dcache-p459.btor2,missing,False,1000.1635064380243,2000.0,missing,False,1000.1248134961352,2000.0,tie,0.0
38,2019,benchmarks/wordlevel/array/2019/wolf/2019C/zipcpu_zipcpu_dcache-p462.btor2,unsat,True,2.117926200851798,2.117926200851798,unsat,True,2.3871691673994064,2.3871691673994064,baseline,-0.2692429665476084
39,2019,benchmarks/wordlevel/array/2019/wolf/2019C/zipcpu_zipcpu_dcache-p478.btor2,missing,False,1000.1724984319881,2000.0,missing,False,1000.1359723825008,2000.0,tie,0.0
40,2019,benchmarks/wordlevel/array/2019/wolf/2019C/zipcpu_zipcpu_dcache-p532.btor2,unsat,True,2.5151619566604495,2.5151619566604495,unsat,True,2.4719995697960258,2.4719995697960258,final,0.04316238686442375
41,2019,benchmarks/wordlevel/array/2019/wolf/2019C/zipcpu_zipcpu_dcache-p554.btor2,missing,False,1000.1632518600672,2000.0,missing,False,1000.1342717977241,2000.0,tie,0.0
42,2019,benchmarks/wordlevel/array/2019/wolf/2019C/zipcpu_zipcpu_dcache-p558.btor2,missing,False,1000.1978154899552,2000.0,missing,False,1000.1249680640176,2000.0,tie,0.0
43,2019,benchmarks/wordlevel/array/2019/wolf/2019C/zipcpu_zipcpu_dcache-p563.btor2,unsat,True,439.8975753663108,439.8975753663108,unsat,True,189.87055650912225,189.87055650912225,final,250.02701885718852
44,2019,benchmarks/wordlevel/array/2019/wolf/2019C/zipcpu_zipcpu_dcache-p570.btor2,missing,False,1000.1471372265369,2000.0,missing,False,1000.1441041817889,2000.0,tie,0.0
45,2019,benchmarks/wordlevel/array/2019/wolf/2019C/zipcpu_zipcpu_dcache-p581.btor2,missing,False,1000.1444189026952,2000.0,missing,False,1000.1108000539243,2000.0,tie,0.0
46,2019,benchmarks/wordlevel/array/2019/wolf/2019C/zipcpu_zipcpu_dcache-p591.btor2,missing,False,1000.1472228495404,2000.0,missing,False,1000.1226577693596,2000.0,tie,0.0
47,2019,benchmarks/wordlevel/array/2019/wolf/2019C/zipcpu_zipcpu_piped-p133.btor2,missing,False,1000.163739184849,2000.0,missing,False,1000.1370185967535,2000.0,tie,0.0
48,2019,benchmarks/wordlevel/array/2019/wolf/2019C/zipcpu_zipcpu_piped-p160.btor2,missing,False,1000.1626790920272,2000.0,missing,False,1000.1413624947891,2000.0,tie,0.0
49,2019,benchmarks/wordlevel/array/2019/wolf/2019C/zipcpu_zipcpu_piped-p195.btor2,unsat,True,91.96252505853772,91.96252505853772,unsat,True,110.19818216469139,110.19818216469139,baseline,-18.235657106153667
50,2019,benchmarks/wordlevel/array/2019/wolf/2019C/zipcpu_zipcpu_piped-p240.btor2,missing,False,1000.128066082485,2000.0,missing,False,1000.1229865206406,2000.0,tie,0.0
51,2019,benchmarks/wordlevel/array/2019/wolf/2019C/zipcpu_zipcpu_piped-p241.btor2,missing,False,1000.160512842238,2000.0,missing,False,1000.1363166049123,2000.0,tie,0.0
52,2019,benchmarks/wordlevel/array/2019/wolf/2019C/zipcpu_zipcpu_piped-p284.btor2,missing,False,1000.1821817299351,2000.0,missing,False,1000.1336844908074,2000.0,tie,0.0
53,2019,benchmarks/wordlevel/array/2019/wolf/2019C/zipcpu_zipcpu_piped-p310.btor2,unsat,True,53.34684875700623,53.34684875700623,unsat,True,100.19425300322473,100.19425300322473,baseline,-46.8474042462185
54,2019,benchmarks/wordlevel/array/2019/wolf/2019C/zipcpu_zipcpu_piped-p311.btor2,missing,False,1000.1566262468696,2000.0,missing,False,1000.1298012742773,2000.0,tie,0.0
55,2019,benchmarks/wordlevel/array/2019/wolf/2019C/zipcpu_zipcpu_piped-p358.btor2,unsat,True,1.034173497930169,1.034173497930169,unsat,True,1.734264500439167,1.734264500439167,baseline,-0.7000910025089979
56,2019,benchmarks/wordlevel/array/2019/wolf/2019C/zipcpu_zipcpu_piped-p366.btor2,unsat,True,1.035405207425356,1.035405207425356,unsat,True,1.6725806528702378,1.6725806528702378,baseline,-0.6371754454448819
57,2019,benchmarks/wordlevel/array/2019/wolf/2019C/zipcpu_zipcpu_piped-p395.btor2,unsat,True,34.84232354070991,34.84232354070991,unsat,True,31.955236805602908,31.955236805602908,final,2.8870867351070046
58,2019,benchmarks/wordlevel/array/2019/wolf/2019C/zipcpu_zipcpu_piped-p421.btor2,missing,False,1000.1707336800173,2000.0,missing,False,1000.1409266022965,2000.0,tie,0.0
59,2019,benchmarks/wordlevel/array/2019/wolf/2019C/zipcpu_zipcpu_piped-p43.btor2,unsat,True,0.7972144233062863,0.7972144233062863,unsat,True,1.2162040565162897,1.2162040565162897,baseline,-0.4189896332100034
60,2019,benchmarks/wordlevel/array/2019/wolf/2019C/zipcpu_zipcpu_piped-p458.btor2,unsat,True,11.435957831330597,11.435957831330597,unsat,True,1.908036295324564,1.908036295324564,final,9.527921536006033
61,2019,benchmarks/wordlevel/array/2019/wolf/2019C/zipcpu_zipcpu_piped-p485.btor2,unsat,True,0.8603394888341427,0.8603394888341427,unsat,True,1.6845424007624388,1.6845424007624388,baseline,-0.8242029119282961
62,2019,benchmarks/wordlevel/array/2019/wolf/2019C/zipcpu_zipcpu_piped-p493.btor2,missing,False,1000.1665987446904,2000.0,missing,False,1000.1279054190964,2000.0,tie,0.0
63,2019,benchmarks/wordlevel/array/2019/wolf/2019C/zipcpu_zipcpu_piped-p496.btor2,missing,False,1000.1645991895348,2000.0,missing,False,1000.1410754648969,2000.0,tie,0.0
64,2020,benchmarks/wordlevel/array/2020/mann/array_lt200.btor2,unknown,False,0.23326194193214178,2000.0,unsat,True,0.9303475739434361,0.9303475739434361,final,1999.0696524260566
65,2020,benchmarks/wordlevel/array/2020/mann/array_swap.btor2,missing,False,1000.8165327971801,2000.0,missing,False,1000.4402638329193,2000.0,tie,0.0
66,2020,benchmarks/wordlevel/array/2020/mann/deep_overflow_bug.btor2,missing,False,1000.5152376946062,2000.0,missing,False,1000.5663435533643,2000.0,tie,0.0
67,2020,benchmarks/wordlevel/array/2020/mann/easy_zero_array.btor2,missing,False,1000.9063177201897,2000.0,missing,False,1000.8626050418243,2000.0,tie,0.0
68,2020,benchmarks/wordlevel/array/2020/mann/simple-stack-pred1.btor2,missing,False,1001.1845816923305,2000.0,missing,False,1000.6254643285647,2000.0,tie,0.0
69,2020,benchmarks/wordlevel/array/2020/mann/zero_array.btor2,missing,False,1000.5494921840727,2000.0,missing,False,1000.6497334931046,2000.0,tie,0.0
70,2024,benchmarks/wordlevel/array/2024/hkust/branch_coverage/array/rocket_1939.btor2,missing,False,1000.1733321202919,2000.0,missing,False,1000.1474694041535,2000.0,tie,0.0
71,2024,benchmarks/wordlevel/array/2024/hkust/branch_coverage/array/rocket_2021.btor2,missing,False,1000.1527798427269,2000.0,missing,False,1000.1344054387882,2000.0,tie,0.0
72,2024,benchmarks/wordlevel/array/2024/hkust/branch_coverage/array/rocket_2029.btor2,missing,False,1000.1820234945044,2000.0,missing,False,1000.1247909078375,2000.0,tie,0.0
73,2024,benchmarks/wordlevel/array/2024/hkust/branch_coverage/array/rocket_2045.btor2,missing,False,1000.1646478204057,2000.0,missing,False,1000.1481770733371,2000.0,tie,0.0
74,2024,benchmarks/wordlevel/array/2024/hkust/branch_coverage/array/rocket_2047.btor2,missing,False,1000.1667965678498,2000.0,missing,False,1000.1364618083462,2000.0,tie,0.0
75,2024,benchmarks/wordlevel/array/2024/hkust/branch_coverage/array/rocket_2053.btor2,missing,False,1000.1741824755445,2000.0,missing,False,1000.1553273769096,2000.0,tie,0.0
76,2024,benchmarks/wordlevel/array/2024/hkust/branch_coverage/array/rocket_2067.btor2,missing,False,1000.2722778618336,2000.0,missing,False,1000.1352044017985,2000.0,tie,0.0
77,2024,benchmarks/wordlevel/array/2024/hkust/refinement_checking/array/ILA_Flute_ADDI_problem.btor2,missing,False,1000.3708496829495,2000.0,missing,False,1000.1287209000438,2000.0,tie,0.0
78,2024,benchmarks/wordlevel/array/2024/hkust/refinement_checking/array/ILA_Flute_AND_problem.btor2,missing,False,1000.3795245084912,2000.0,missing,False,1000.1756612816826,2000.0,tie,0.0
79,2024,benchmarks/wordlevel/array/2024/hkust/refinement_checking/array/ILA_Flute_AUIPC_problem.btor2,missing,False,1000.3961923290044,2000.0,missing,False,1000.1692974492908,2000.0,tie,0.0
80,2024,benchmarks/wordlevel/array/2024/hkust/refinement_checking/array/ILA_Flute_BEQ_sanity.btor2,missing,False,1000.3854268183932,2000.0,missing,False,1000.1445085564628,2000.0,tie,0.0
81,2024,benchmarks/wordlevel/array/2024/hkust/refinement_checking/array/ILA_Flute_BGEU_problem.btor2,missing,False,1000.3758260384202,2000.0,missing,False,1000.1630374165252,2000.0,tie,0.0
82,2024,benchmarks/wordlevel/array/2024/hkust/refinement_checking/array/ILA_Flute_BLT_problem.btor2,missing,False,1000.3555194083601,2000.0,missing,False,1000.157621609047,2000.0,tie,0.0
83,2024,benchmarks/wordlevel/array/2024/hkust/refinement_checking/array/ILA_Flute_LHU_sanity.btor2,missing,False,1000.3843378890306,2000.0,missing,False,1000.1655505001545,2000.0,tie,0.0
84,2024,benchmarks/wordlevel/array/2024/hkust/refinement_checking/array/ILA_Flute_OR_sanity.btor2,missing,False,1000.395937256515,2000.0,missing,False,1000.1657722704113,2000.0,tie,0.0
85,2024,benchmarks/wordlevel/array/2024/hkust/refinement_checking/array/ILA_Flute_SB_problem.btor2,missing,False,1000.366766599007,2000.0,missing,False,1000.1670356467366,2000.0,tie,0.0
86,2024,benchmarks/wordlevel/array/2024/hkust/refinement_checking/array/ILA_Flute_SH_problem.btor2,missing,False,1000.3759294273332,2000.0,missing,False,1000.1625798447058,2000.0,tie,0.0
87,2024,benchmarks/wordlevel/array/2024/hkust/refinement_checking/array/ILA_Flute_SH_sanity.btor2,missing,False,1000.3990586865693,2000.0,missing,False,1000.1674306346104,2000.0,tie,0.0
88,2024,benchmarks/wordlevel/array/2024/hkust/refinement_checking/array/ILA_Flute_SLLI_sanity.btor2,missing,False,1000.3935300130397,2000.0,missing,False,1000.1682810811326,2000.0,tie,0.0
89,2024,benchmarks/wordlevel/array/2024/hkust/refinement_checking/array/ILA_Flute_SLTI_problem.btor2,missing,False,1000.3818695945665,2000.0,missing,False,1000.1681630024686,2000.0,tie,0.0
90,2024,benchmarks/wordlevel/array/2024/hkust/refinement_checking/array/ILA_Flute_SLTI_sanity.btor2,missing,False,1000.3915579915047,2000.0,missing,False,1000.1233559343964,2000.0,tie,0.0
91,2024,benchmarks/wordlevel/array/2024/hkust/refinement_checking/array/ILA_Flute_SRAI_problem.btor2,missing,False,1000.3733861315995,2000.0,missing,False,1000.1257424708456,2000.0,tie,0.0
92,2024,benchmarks/wordlevel/array/2024/hkust/refinement_checking/array/ILA_Flute_SUB_problem.btor2,missing,False,1000.3792366469279,2000.0,missing,False,1000.1306840330362,2000.0,tie,0.0
93,2024,benchmarks/wordlevel/array/2024/hkust/refinement_checking/array/ILA_Flute_SW_sanity.btor2,missing,False,1000.4076138669625,2000.0,missing,False,1000.1243646945804,2000.0,tie,0.0
94,2024,benchmarks/wordlevel/array/2024/hkust/refinement_checking/array/ILA_Flute_XORI_problem.btor2,missing,False,1000.3874300578609,2000.0,missing,False,1000.1237106816843,2000.0,tie,0.0
95,2024,benchmarks/wordlevel/array/2024/hkust/refinement_checking/array/ILA_Piccolo_ADD_sanity.btor2,missing,False,1000.3835873454809,2000.0,missing,False,1000.1251770639792,2000.0,tie,0.0
96,2024,benchmarks/wordlevel/array/2024/hkust/refinement_checking/array/ILA_Piccolo_BNE_sanity.btor2,missing,False,1000.3809943515807,2000.0,missing,False,1000.1317163668573,2000.0,tie,0.0
97,2024,benchmarks/wordlevel/array/2024/hkust/refinement_checking/array/ILA_Piccolo_JALR_problem.btor2,missing,False,1000.3498606337234,2000.0,missing,False,1000.1303106360137,2000.0,tie,0.0
98,2024,benchmarks/wordlevel/array/2024/hkust/refinement_checking/array/ILA_Piccolo_JALR_sanity.btor2,missing,False,1000.4050927460194,2000.0,missing,False,1000.1219726568088,2000.0,tie,0.0
99,2024,benchmarks/wordlevel/array/2024/hkust/refinement_checking/array/ILA_Piccolo_LBU_sanity.btor2,missing,False,1000.3335042502731,2000.0,missing,False,1000.1297971569002,2000.0,tie,0.0
100,2024,benchmarks/wordlevel/array/2024/hkust/refinement_checking/array/ILA_Piccolo_LH_sanity.btor2,missing,False,1000.3664163546637,2000.0,missing,False,1000.1275454647839,2000.0,tie,0.0
101,2024,benchmarks/wordlevel/array/2024/hkust/refinement_checking/array/ILA_Piccolo_LUI_sanity.btor2,missing,False,1000.3834570487961,2000.0,missing,False,1000.1337434146553,2000.0,tie,0.0
102,2024,benchmarks/wordlevel/array/2024/hkust/refinement_checking/array/ILA_Piccolo_LW_problem.btor2,missing,False,1000.361257025972,2000.0,missing,False,1000.126493498683,2000.0,tie,0.0
103,2024,benchmarks/wordlevel/array/2024/hkust/refinement_checking/array/ILA_Piccolo_ORI_sanity.btor2,missing,False,1000.3448515543714,2000.0,missing,False,1000.1278575025499,2000.0,tie,0.0
104,2024,benchmarks/wordlevel/array/2024/hkust/refinement_checking/array/ILA_Piccolo_SB_sanity.btor2,missing,False,1000.1417516749352,2000.0,missing,False,1000.1283349758014,2000.0,tie,0.0
105,2024,benchmarks/wordlevel/array/2024/hkust/refinement_checking/array/ILA_Piccolo_SLLI_problem.btor2,missing,False,1000.1596053084359,2000.0,missing,False,1000.1226981338114,2000.0,tie,0.0
106,2024,benchmarks/wordlevel/array/2024/hkust/refinement_checking/array/ILA_Piccolo_SLL_problem.btor2,missing,False,1000.1480276184157,2000.0,missing,False,1000.1876945719123,2000.0,tie,0.0
107,2024,benchmarks/wordlevel/array/2024/hkust/refinement_checking/array/ILA_Piccolo_SLTI_problem.btor2,missing,False,1000.1428328529,2000.0,missing,False,1000.1937595130876,2000.0,tie,0.0
108,2024,benchmarks/wordlevel/array/2024/hkust/refinement_checking/array/ILA_Piccolo_SLT_sanity.btor2,missing,False,1000.2330477340147,2000.0,missing,False,1000.1631259545684,2000.0,tie,0.0
109,2024,benchmarks/wordlevel/array/2024/hkust/refinement_checking/array/ILA_Piccolo_SRL_sanity.btor2,missing,False,1000.2312961984426,2000.0,missing,False,1000.1879036100581,2000.0,tie,0.0
110,2024,benchmarks/wordlevel/array/2024/hkust/refinement_checking/array/ILA_Piccolo_SW_problem.btor2,missing,False,1000.2309843394905,2000.0,missing,False,1000.1879285667092,2000.0,tie,0.0
111,2024,benchmarks/wordlevel/array/2024/hkust/refinement_checking/array/ILA_Piccolo_XORI_sanity.btor2,missing,False,1000.2275691526011,2000.0,missing,False,1000.1942717460915,2000.0,tie,0.0
112,2024,benchmarks/wordlevel/array/2024/hkust/refinement_checking/array/ILA_Ridecore_BLTU_problem.btor2,missing,False,1000.2499748328701,2000.0,missing,False,1000.2383038522676,2000.0,tie,0.0
113,2024,benchmarks/wordlevel/array/2024/hkust/refinement_checking/array/ILA_Ridecore_LB_problem.btor2,missing,False,1000.2538526346907,2000.0,missing,False,1000.1686279233545,2000.0,tie,0.0
114,2024,benchmarks/wordlevel/array/2024/hkust/refinement_checking/array/ILA_Ridecore_LUI_problem.btor2,missing,False,1000.2653274908662,2000.0,missing,False,1000.1680784486234,2000.0,tie,0.0
115,2024,benchmarks/wordlevel/array/2024/hkust/refinement_checking/array/ILA_Ridecore_ORI_problem.btor2,missing,False,1000.2551675075665,2000.0,missing,False,1000.1675270684063,2000.0,tie,0.0
116,2024,benchmarks/wordlevel/array/2024/hkust/refinement_checking/array/ILA_Ridecore_SRAI_problem.btor2,missing,False,1000.2536987867206,2000.0,missing,False,1000.1705054184422,2000.0,tie,0.0
117,2024,benchmarks/wordlevel/array/2024/hkust/refinement_checking/array/ILA_Rocket_ADD_sanity.btor2,missing,False,1000.1488703852519,2000.0,missing,False,1000.1481090262532,2000.0,tie,0.0
118,2024,benchmarks/wordlevel/array/2024/hkust/refinement_checking/array/ILA_Rocket_ANDI_sanity.btor2,missing,False,1000.1472538588569,2000.0,missing,False,1000.1538400948048,2000.0,tie,0.0
119,2024,benchmarks/wordlevel/array/2024/hkust/refinement_checking/array/ILA_Rocket_AND_problem.btor2,missing,False,1000.1332031050697,2000.0,missing,False,1000.1589698921889,2000.0,tie,0.0
120,2024,benchmarks/wordlevel/array/2024/hkust/refinement_checking/array/ILA_Rocket_AND_sanity.btor2,missing,False,1000.1466237511486,2000.0,missing,False,1000.17542195227,2000.0,tie,0.0
121,2024,benchmarks/wordlevel/array/2024/hkust/refinement_checking/array/ILA_Rocket_BLTU_problem.btor2,missing,False,1000.1400538347661,2000.0,missing,False,1000.1687949039042,2000.0,tie,0.0
122,2024,benchmarks/wordlevel/array/2024/hkust/refinement_checking/array/ILA_Rocket_BNE_problem.btor2,missing,False,1000.1826176093891,2000.0,missing,False,1000.1569490237162,2000.0,tie,0.0
123,2024,benchmarks/wordlevel/array/2024/hkust/refinement_checking/array/ILA_Rocket_JAL_sanity.btor2,missing,False,1000.191997599788,2000.0,missing,False,1000.1734067928046,2000.0,tie,0.0
124,2024,benchmarks/wordlevel/array/2024/hkust/refinement_checking/array/ILA_Rocket_LUI_sanity.btor2,missing,False,1000.1914905691519,2000.0,missing,False,1000.175818040967,2000.0,tie,0.0
125,2024,benchmarks/wordlevel/array/2024/hkust/refinement_checking/array/ILA_Rocket_LW_sanity.btor2,missing,False,1000.1357879722491,2000.0,missing,False,1000.1733418377116,2000.0,tie,0.0
126,2024,benchmarks/wordlevel/array/2024/hkust/refinement_checking/array/ILA_Rocket_ORI_sanity.btor2,missing,False,1000.1280245222151,2000.0,missing,False,1000.1725336518139,2000.0,tie,0.0
127,2024,benchmarks/wordlevel/array/2024/hkust/refinement_checking/array/ILA_Rocket_SLLI_problem.btor2,missing,False,1000.1340769650415,2000.0,missing,False,1000.1197036765516,2000.0,tie,0.0
128,2024,benchmarks/wordlevel/array/2024/hkust/refinement_checking/array/ILA_Rocket_SLL_sanity.btor2,missing,False,1000.1681980472058,2000.0,missing,False,1000.181795027107,2000.0,tie,0.0
129,2024,benchmarks/wordlevel/array/2024/hkust/refinement_checking/array/ILA_Rocket_SLTIU_problem.btor2,missing,False,1000.1901767663658,2000.0,missing,False,1000.1553880311549,2000.0,tie,0.0
130,2024,benchmarks/wordlevel/array/2024/sosylab/array-examples/standard_compareModified_ground.btor2,unknown,False,19.751700185239315,2000.0,unknown,False,48.945359256118536,2000.0,tie,0.0
131,2024,benchmarks/wordlevel/array/2024/sosylab/array-examples/standard_compare_ground.btor2,unknown,False,17.52078981604427,2000.0,unknown,False,14.225068548694253,2000.0,tie,0.0
132,2024,benchmarks/wordlevel/array/2024/sosylab/array-examples/standard_partition_ground-1.btor2,unknown,False,33.58064236026257,2000.0,unknown,False,15.913125615566969,2000.0,tie,0.0
133,2024,benchmarks/wordlevel/array/2024/sosylab/array-fpi/brs2.btor2,missing,False,1001.0411127712578,2000.0,missing,False,1000.8771607708186,2000.0,tie,0.0
134,2024,benchmarks/wordlevel/array/2024/sosylab/array-fpi/brs2f.btor2,missing,False,1001.0821302859113,2000.0,missing,False,1000.9971643369645,2000.0,tie,0.0
135,2024,benchmarks/wordlevel/array/2024/sosylab/array-fpi/brs3f.btor2,missing,False,1000.951711544767,2000.0,missing,False,1001.1217535845935,2000.0,tie,0.0
136,2024,benchmarks/wordlevel/array/2024/sosylab/array-fpi/condaf.btor2,unknown,False,11.299345679581165,2000.0,missing,False,1001.0440636575222,2000.0,tie,0.0
137,2024,benchmarks/wordlevel/array/2024/sosylab/array-fpi/ifcompf.btor2,unknown,False,62.80264871288091,2000.0,unknown,False,27.030353563837707,2000.0,tie,0.0
138,2024,benchmarks/wordlevel/array/2024/sosylab/array-fpi/ifeqn2f.btor2,unknown,False,37.218960370868444,2000.0,unknown,False,24.5189335886389,2000.0,tie,0.0
139,2024,benchmarks/wordlevel/array/2024/sosylab/array-fpi/ifeqn5.btor2,unknown,False,63.97811079211533,2000.0,unknown,False,41.826371130533516,2000.0,tie,0.0
140,2024,benchmarks/wordlevel/array/2024/sosylab/array-fpi/s12if.btor2,unknown,False,14.723158592358232,2000.0,missing,False,1000.9997025122866,2000.0,tie,0.0
141,2024,benchmarks/wordlevel/array/2024/sosylab/array-fpi/s2iff.btor2,missing,False,1001.1625010473654,2000.0,missing,False,1001.0903775431216,2000.0,tie,0.0
142,2024,benchmarks/wordlevel/array/2024/sosylab/array-fpi/s3if.btor2,missing,False,1001.1608647098765,2000.0,missing,False,1001.0102809201926,2000.0,tie,0.0
143,2024,benchmarks/wordlevel/array/2024/sosylab/array-fpi/s4liff.btor2,unknown,False,11.797259560786188,2000.0,missing,False,1001.1750125158578,2000.0,tie,0.0
144,2024,benchmarks/wordlevel/array/2024/sosylab/array-industry-pattern/array_assert_loop_dep.btor2,unknown,False,14.687379019334912,2000.0,unknown,False,11.092888787388802,2000.0,tie,0.0
145,2024,benchmarks/wordlevel/array/2024/sosylab/array-industry-pattern/array_monotonic.btor2,unknown,False,259.76627358887345,2000.0,unknown,False,78.68315175268799,2000.0,tie,0.0
146,2024,benchmarks/wordlevel/array/2024/sosylab/array-industry-pattern/array_of_struct_ptr_mul_init.btor2,missing,False,1000.2980266790837,2000.0,missing,False,1000.3930117785931,2000.0,tie,0.0
147,2024,benchmarks/wordlevel/array/2024/sosylab/array-lopstr16/flag_loopdep.btor2,unknown,False,31.895983947440982,2000.0,unknown,False,15.902999434620142,2000.0,tie,0.0
148,2024,benchmarks/wordlevel/array/2024/sosylab/array-patterns/array10_pattern.btor2,unknown,False,20.428808609955013,2000.0,unknown,False,13.438767272047698,2000.0,tie,0.0
149,2024,benchmarks/wordlevel/array/2024/sosylab/array-patterns/array16_pattern.btor2,unknown,False,27.84601402748376,2000.0,unknown,False,22.996401644311845,2000.0,tie,0.0
150,2024,benchmarks/wordlevel/array/2024/sosylab/array-patterns/array17_pattern.btor2,unknown,False,37.373853891156614,2000.0,unknown,False,21.322486541233957,2000.0,tie,0.0
151,2024,benchmarks/wordlevel/array/2024/sosylab/array-patterns/array18_pattern.btor2,unknown,False,36.119879567064345,2000.0,unknown,False,8.611059575341642,2000.0,tie,0.0
152,2024,benchmarks/wordlevel/array/2024/sosylab/array-patterns/array22_pattern.btor2,unknown,False,33.223954007960856,2000.0,unknown,False,9.351216959767044,2000.0,tie,0.0
153,2024,benchmarks/wordlevel/array/2024/sosylab/array-patterns/array23_pattern.btor2,unknown,False,33.98483031243086,2000.0,unknown,False,20.57650760933757,2000.0,tie,0.0
154,2024,benchmarks/wordlevel/array/2024/sosylab/array-patterns/array29_pattern.btor2,missing,False,1000.1539256218821,2000.0,unknown,False,270.1096626473591,2000.0,tie,0.0
155,2024,benchmarks/wordlevel/array/2024/sosylab/array-patterns/array4_pattern.btor2,unknown,False,8.21652103215456,2000.0,unknown,False,6.400472656823695,2000.0,tie,0.0
156,2024,benchmarks/wordlevel/array/2024/sosylab/array-patterns/array5_pattern.btor2,unknown,False,8.766607947647572,2000.0,unknown,False,6.493333442136645,2000.0,tie,0.0
157,2024,benchmarks/wordlevel/array/2024/sosylab/array-programs/partial_mod_count_5.btor2,unknown,False,40.69078061636537,2000.0,unknown,False,22.06822262518108,2000.0,tie,0.0
158,2024,benchmarks/wordlevel/array/2024/sosylab/array-programs/partial_mod_count_limited_1.btor2,unknown,False,62.82445246446878,2000.0,unknown,False,38.24325256701559,2000.0,tie,0.0
159,2024,benchmarks/wordlevel/array/2024/sosylab/array-programs/partial_mod_count_limited_3.btor2,unknown,False,101.22458310611546,2000.0,unknown,False,55.626141655258834,2000.0,tie,0.0
160,2024,benchmarks/wordlevel/array/2024/sosylab/array-tiling/mbpr2.btor2,unknown,False,379.22017746511847,2000.0,unknown,False,279.127520987764,2000.0,tie,0.0
161,2024,benchmarks/wordlevel/array/2024/sosylab/array-tiling/skippedu.btor2,unknown,False,35.420689336024225,2000.0,unknown,False,28.11676070932299,2000.0,tie,0.0
162,2024,benchmarks/wordlevel/array/2024/sosylab/ddv-machzwd/ddv_machzwd_all.btor2,missing,False,1001.2013236396015,2000.0,missing,False,1000.5713583761826,2000.0,tie,0.0
163,2024,benchmarks/wordlevel/array/2024/sosylab/ddv-machzwd/ddv_machzwd_inw.btor2,missing,False,1001.1521303532645,2000.0,missing,False,1001.2479277662933,2000.0,tie,0.0
164,2024,benchmarks/wordlevel/array/2024/sosylab/ldv-regression/test28-2.btor2,missing,False,1000.1716865533963,2000.0,missing,False,1001.250055026263,2000.0,tie,0.0
165,2024,benchmarks/wordlevel/array/2024/sosylab/loops/array-1.btor2,missing,False,1000.9401293005794,2000.0,missing,False,1001.0206383746117,2000.0,tie,0.0
166,2024,benchmarks/wordlevel/array/2024/sosylab/loops/n.c11.btor2,unsat,True,3.3422463284805417,3.3422463284805417,unsat,True,4.191157161258161,4.191157161258161,baseline,-0.8489108327776194
167,2024,benchmarks/wordlevel/array/2024/sosylab/loops/string-2.btor2,unknown,False,12.350967770442367,2000.0,unknown,False,10.78958659991622,2000.0,tie,0.0
168,2024,benchmarks/wordlevel/array/2024/sosylab/product-lines/email_spec11_productSimulator.cil.btor2,missing,False,1000.6182766919956,2000.0,missing,False,1000.9317378858104,2000.0,tie,0.0
169,2024,benchmarks/wordlevel/array/2024/sosylab/product-lines/email_spec1_product28.cil.btor2,missing,False,1000.132941102609,2000.0,missing,False,1000.1381178554147,2000.0,tie,0.0
170,2024,benchmarks/wordlevel/array/2024/sosylab/product-lines/email_spec1_product35.cil.btor2,missing,False,1000.1490168077871,2000.0,missing,False,1000.1402051784098,2000.0,tie,0.0
171,2024,benchmarks/wordlevel/array/2024/sosylab/product-lines/email_spec27_product34.cil.btor2,missing,False,1000.1552667366341,2000.0,missing,False,1000.155536307022,2000.0,tie,0.0
172,2024,benchmarks/wordlevel/array/2024/sosylab/product-lines/email_spec8_product14.cil.btor2,missing,False,1000.140070207417,2000.0,missing,False,1000.2279713498428,2000.0,tie,0.0
173,2024,benchmarks/wordlevel/array/2024/sosylab/product-lines/email_spec8_product29.cil.btor2,missing,False,1000.1445065122098,2000.0,missing,False,1000.2602077322081,2000.0,tie,0.0
174,2024,benchmarks/wordlevel/array/2024/sosylab/product-lines/email_spec9_product12.cil.btor2,missing,False,1000.2663371646777,2000.0,missing,False,1000.1386257242411,2000.0,tie,0.0
175,2024,benchmarks/wordlevel/array/2024/sosylab/product-lines/email_spec9_product14.cil.btor2,missing,False,1000.1452027084306,2000.0,missing,False,1000.2115263035521,2000.0,tie,0.0
176,2024,benchmarks/wordlevel/array/2024/sosylab/product-lines/email_spec9_product26.cil.btor2,missing,False,1000.1466253530234,2000.0,missing,False,1000.211019330658,2000.0,tie,0.0
177,2024,benchmarks/wordlevel/array/2024/sosylab/product-lines/email_spec9_product35.cil.btor2,missing,False,1000.1520235259086,2000.0,missing,False,1000.2096729418263,2000.0,tie,0.0
178,2024,benchmarks/wordlevel/array/2024/sosylab/reducercommutativity/max05-1.btor2,unknown,False,38.49746686499566,2000.0,unknown,False,38.86494575254619,2000.0,tie,0.0
179,2024,benchmarks/wordlevel/array/2024/sosylab/reducercommutativity/max10-1.btor2,unknown,False,39.57674701232463,2000.0,unknown,False,37.156122784130275,2000.0,tie,0.0
180,2024,benchmarks/wordlevel/array/2024/sosylab/reducercommutativity/sep20-1.btor2,unknown,False,39.73892390169203,2000.0,unknown,False,37.92566825821996,2000.0,tie,0.0
181,2024,benchmarks/wordlevel/array/2024/sosylab/reducercommutativity/sep40-1.btor2,unknown,False,42.66247003246099,2000.0,unknown,False,38.18759529758245,2000.0,tie,0.0
182,2024,benchmarks/wordlevel/array/2024/sosylab/seq-mthreaded/rekcba_aso.1.M4-2.btor2,missing,False,1002.2165204966441,2000.0,missing,False,1000.4826938230544,2000.0,tie,0.0
183,2024,benchmarks/wordlevel/array/2024/sosylab/seq-mthreaded/rekcba_aso.2.M1-2.btor2,missing,False,1000.6452014092356,2000.0,missing,False,1000.5738595658913,2000.0,tie,0.0
184,2024,benchmarks/wordlevel/array/2024/sosylab/seq-mthreaded/rekcba_aso.4.M4.btor2,missing,False,1001.1279561724514,2000.0,missing,False,1000.9963019881397,2000.0,tie,0.0
185,2024,benchmarks/wordlevel/array/2024/sosylab/seq-mthreaded/rekcba_ctm.2-2.btor2,missing,False,1000.1834237212315,2000.0,missing,False,1000.1858963193372,2000.0,tie,0.0
186,2024,benchmarks/wordlevel/array/2024/sosylab/seq-mthreaded/rekh_ctm.1.btor2,missing,False,1000.1894941879436,2000.0,missing,False,1000.1711069233716,2000.0,tie,0.0
187,2024,benchmarks/wordlevel/array/2024/sosylab/seq-mthreaded/rekh_ctm.3-2.btor2,missing,False,1000.2060741139576,2000.0,missing,False,1000.1947657400742,2000.0,tie,0.0
188,2024,benchmarks/wordlevel/array/2024/sosylab/seq-mthreaded/rekh_nxt.1.M1-1.btor2,missing,False,1001.8968156911433,2000.0,missing,False,1001.8627030821517,2000.0,tie,0.0
189,2024,benchmarks/wordlevel/array/2024/sosylab/seq-mthreaded/rekh_nxt.3.M1.btor2,missing,False,1001.9155922839418,2000.0,missing,False,1001.909708478488,2000.0,tie,0.0
190,2025,benchmarks/wordlevel/array/2025/sosylab/liveness-l2s-func/array-examples/sanfoundry_24-1.btor2,missing,False,1000.1938914423808,2000.0,missing,False,1000.7751907147467,2000.0,tie,0.0
191,2025,benchmarks/wordlevel/array/2025/sosylab/liveness-l2s-func/array-industry-pattern/array_assert_loop_dep.btor2,missing,False,1000.2052986668423,2000.0,missing,False,1000.1988880923018,2000.0,tie,0.0
192,2025,benchmarks/wordlevel/array/2025/sosylab/liveness-l2s-func/loop-crafted/simple_array_index_value_1-1.btor2,missing,False,1000.2284942297265,2000.0,missing,False,1000.5601787492633,2000.0,tie,0.0
193,2025,benchmarks/wordlevel/array/2025/sosylab/liveness-l2s-func/loop-crafted/simple_array_index_value_4.btor2,missing,False,1000.2048524748534,2000.0,missing,False,1000.4374279156327,2000.0,tie,0.0
194,2025,benchmarks/wordlevel/array/2025/sosylab/liveness-l2s-func/reducercommutativity/max.btor2,unknown,False,45.97031306941062,2000.0,unknown,False,311.006523668766,2000.0,tie,0.0
195,2025,benchmarks/wordlevel/array/2025/sosylab/liveness-l2s-func/reducercommutativity/max10-1.btor2,missing,False,1000.2018079003319,2000.0,missing,False,1000.345393541269,2000.0,tie,0.0
196,2025,benchmarks/wordlevel/array/2025/sosylab/liveness-l2s-func/termination-crafted/LexIndexValue-Array-1.btor2,missing,False,1000.4226988404989,2000.0,missing,False,1000.5406757621095,2000.0,tie,0.0
197,2025,benchmarks/wordlevel/array/2025/sosylab/liveness-l2s-rel/loop-acceleration/array_3-1.btor2,unknown,False,50.9664988508448,2000.0,missing,False,1002.2386708101258,2000.0,tie,0.0
198,2025,benchmarks/wordlevel/array/2025/sosylab/liveness-l2s-rel/loop-acceleration/array_3-2.btor2,unknown,False,51.37994507327676,2000.0,missing,False,1002.2093832707033,2000.0,tie,0.0
199,2025,benchmarks/wordlevel/array/2025/sosylab/liveness-l2s-rel/loop-crafted/simple_array_index_value_3.btor2,unknown,False,68.7931363414973,2000.0,unsat,True,52.08146357443184,52.08146357443184,final,1947.9185364255682
200,2025,benchmarks/wordlevel/array/2025/sosylab/liveness-l2s-rel/loops/string-1.btor2,missing,False,1001.2552967295051,2000.0,unknown,False,724.9594338741153,2000.0,tie,0.0
201,2025,benchmarks/wordlevel/array/2025/sosylab/liveness-l2s-rel/reducercommutativity/max.btor2,missing,False,1000.7939209537581,2000.0,missing,False,1001.2877788152546,2000.0,tie,0.0
202,2025,benchmarks/wordlevel/array/2025/sosylab/safety-func/array-crafted/mapavg5.btor2,unknown,False,67.2464681873098,2000.0,missing,False,1000.8736830744892,2000.0,tie,0.0
203,2025,benchmarks/wordlevel/array/2025/sosylab/safety-func/array-examples/standard_init3_ground-1.btor2,missing,False,1000.5141558069736,2000.0,missing,False,1000.764546893537,2000.0,tie,0.0
204,2025,benchmarks/wordlevel/array/2025/sosylab/safety-func/array-examples/standard_sentinel.i.v+cfa-reducer.btor2,missing,False,1000.4506996227428,2000.0,missing,False,1000.6320783263072,2000.0,tie,0.0
205,2025,benchmarks/wordlevel/array/2025/sosylab/safety-func/array-fpi/eqn1.btor2,unknown,False,4.315093251876533,2000.0,missing,False,1000.1356933852658,2000.0,tie,0.0
206,2025,benchmarks/wordlevel/array/2025/sosylab/safety-func/array-fpi/ifcomp.btor2,unknown,False,5.765912887640297,2000.0,missing,False,1001.2569267926738,2000.0,tie,0.0
207,2025,benchmarks/wordlevel/array/2025/sosylab/safety-func/array-fpi/ifcompf.btor2,unknown,False,4.844362168572843,2000.0,missing,False,1002.0417547756806,2000.0,tie,0.0
208,2025,benchmarks/wordlevel/array/2025/sosylab/safety-func/array-fpi/res1.btor2,unknown,False,6.784006047993898,2000.0,missing,False,1001.5878690248355,2000.0,tie,0.0
209,2025,benchmarks/wordlevel/array/2025/sosylab/safety-func/array-fpi/res2.btor2,unknown,False,7.452661944553256,2000.0,missing,False,1002.1206062529236,2000.0,tie,0.0
210,2025,benchmarks/wordlevel/array/2025/sosylab/safety-func/array-fpi/s1if.btor2,missing,False,1001.1293173162267,2000.0,missing,False,1001.4323363658041,2000.0,tie,0.0
211,2025,benchmarks/wordlevel/array/2025/sosylab/safety-func/array-fpi/s5iff.btor2,missing,False,1000.9816709393635,2000.0,missing,False,1001.3823691969737,2000.0,tie,0.0
212,2025,benchmarks/wordlevel/array/2025/sosylab/safety-func/array-fpi/s5lif.btor2,unknown,False,2.0694027729332447,2000.0,missing,False,1000.9683323260397,2000.0,tie,0.0
213,2025,benchmarks/wordlevel/array/2025/sosylab/safety-func/array-fpi/ss1.btor2,unknown,False,90.74934089649469,2000.0,missing,False,1001.5372307412326,2000.0,tie,0.0
214,2025,benchmarks/wordlevel/array/2025/sosylab/safety-func/array-industry-pattern/array_assert_loop_dep.btor2,missing,False,1000.5241903392598,2000.0,missing,False,1000.8353581596166,2000.0,tie,0.0
215,2025,benchmarks/wordlevel/array/2025/sosylab/safety-func/array-industry-pattern/array_shadowinit.btor2,unknown,False,2.293945752084255,2000.0,missing,False,1002.1569242635742,2000.0,tie,0.0
216,2025,benchmarks/wordlevel/array/2025/sosylab/safety-func/array-lopstr16/flag_loopdep_simple.btor2,missing,False,1000.4254366829991,2000.0,missing,False,1000.5353727303445,2000.0,tie,0.0
217,2025,benchmarks/wordlevel/array/2025/sosylab/safety-func/array-patterns/array28_pattern.btor2,unknown,False,3.416733456775546,2000.0,unknown,False,117.3111742278561,2000.0,tie,0.0
218,2025,benchmarks/wordlevel/array/2025/sosylab/safety-func/array-programs/partial_mod_count_4.btor2,missing,False,1000.4738673930988,2000.0,missing,False,1000.3364487728104,2000.0,tie,0.0
219,2025,benchmarks/wordlevel/array/2025/sosylab/safety-func/array-tiling/mbpr5.btor2,unknown,False,10.634172434918582,2000.0,missing,False,1001.4537688177079,2000.0,tie,0.0
220,2025,benchmarks/wordlevel/array/2025/sosylab/safety-func/array-tiling/rewnifrev2.btor2,unknown,False,39.15940423402935,2000.0,missing,False,1001.0812335601076,2000.0,tie,0.0
221,2025,benchmarks/wordlevel/array/2025/sosylab/safety-func/array-tiling/skipped.btor2,unknown,False,7.331213029101491,2000.0,missing,False,1001.2286415155977,2000.0,tie,0.0
222,2025,benchmarks/wordlevel/array/2025/sosylab/safety-func/ntdrivers/kbfiltr.i.cil-2.btor2,missing,False,1000.6593463560566,2000.0,missing,False,1001.6835104394704,2000.0,tie,0.0
223,2025,benchmarks/wordlevel/array/2025/sosylab/safety-func/reducercommutativity/avg10-2.btor2,missing,False,1000.3928922666237,2000.0,missing,False,1000.3137721708044,2000.0,tie,0.0
224,2025,benchmarks/wordlevel/array/2025/sosylab/safety-rel/array-examples/sorting_bubblesort_ground-1.btor2,unknown,False,26.74102504644543,2000.0,unknown,False,5.904156376607716,2000.0,tie,0.0
225,2025,benchmarks/wordlevel/array/2025/sosylab/safety-rel/array-examples/standard_copy9_ground-1.btor2,unknown,False,40.58083925489336,2000.0,unknown,False,33.50511415861547,2000.0,tie,0.0
226,2025,benchmarks/wordlevel/array/2025/sosylab/safety-rel/array-examples/standard_init7_ground-2.btor2,unknown,False,17.485954059287906,2000.0,unknown,False,12.360789611004293,2000.0,tie,0.0
227,2025,benchmarks/wordlevel/array/2025/sosylab/safety-rel/array-examples/standard_partial_init_ground.btor2,unknown,False,14.077495790086687,2000.0,unknown,False,12.545903077349067,2000.0,tie,0.0
228,2025,benchmarks/wordlevel/array/2025/sosylab/safety-rel/array-examples/standard_two_index_07.btor2,unknown,False,15.564009740017354,2000.0,unknown,False,6.563420253805816,2000.0,tie,0.0
229,2025,benchmarks/wordlevel/array/2025/sosylab/safety-rel/array-fpi/ifeqn2.btor2,unknown,False,49.55694836936891,2000.0,unknown,False,26.029503951780498,2000.0,tie,0.0
230,2025,benchmarks/wordlevel/array/2025/sosylab/safety-rel/array-fpi/s3if.btor2,missing,False,1000.434758332558,2000.0,missing,False,1000.9333416083828,2000.0,tie,0.0
231,2025,benchmarks/wordlevel/array/2025/sosylab/safety-rel/array-industry-pattern/array_of_struct_loop_dep.btor2,missing,False,1000.2188511881977,2000.0,missing,False,1000.3671757169068,2000.0,tie,0.0
232,2025,benchmarks/wordlevel/array/2025/sosylab/safety-rel/array-multidimensional/diff-3-n-u.btor2,unknown,False,80.0031782835722,2000.0,unknown,False,82.27136686816812,2000.0,tie,0.0
233,2025,benchmarks/wordlevel/array/2025/sosylab/safety-rel/array-patterns/array15_pattern.btor2,unknown,False,40.05974907800555,2000.0,unknown,False,8.17251087538898,2000.0,tie,0.0
234,2025,benchmarks/wordlevel/array/2025/sosylab/safety-rel/array-patterns/array16_pattern.btor2,unknown,False,32.51089440099895,2000.0,unknown,False,18.43762165494263,2000.0,tie,0.0
235,2025,benchmarks/wordlevel/array/2025/sosylab/safety-rel/array-patterns/array28_pattern.btor2,unknown,False,121.57198863383383,2000.0,unknown,False,71.02994411066175,2000.0,tie,0.0
236,2025,benchmarks/wordlevel/array/2025/sosylab/safety-rel/array-programs/partial_mod_count_limited_4.btor2,unknown,False,63.635447106324136,2000.0,unknown,False,55.23292679991573,2000.0,tie,0.0
237,2025,benchmarks/wordlevel/array/2025/sosylab/safety-rel/array-programs/partial_mod_count_limited_5.btor2,unknown,False,74.22310181614012,2000.0,unknown,False,55.16402885410935,2000.0,tie,0.0
238,2025,benchmarks/wordlevel/array/2025/sosylab/safety-rel/array-programs/partial_mod_count_limited_base.btor2,unknown,False,28.27548901271075,2000.0,unknown,False,14.879114766605198,2000.0,tie,0.0
239,2025,benchmarks/wordlevel/array/2025/sosylab/safety-rel/array-tiling/mbpr5.btor2,missing,False,1000.1845565736294,2000.0,missing,False,1000.5376579435542,2000.0,tie,0.0
240,2025,benchmarks/wordlevel/array/2025/sosylab/safety-rel/array-tiling/pr3.btor2,missing,False,1000.7665576133877,2000.0,missing,False,1000.9021288286895,2000.0,tie,0.0
241,2025,benchmarks/wordlevel/array/2025/sosylab/safety-rel/loop-lit/mcmillan2006.btor2,missing,False,1000.6773998914286,2000.0,missing,False,1000.413340232335,2000.0,tie,0.0
242,2025,benchmarks/wordlevel/array/2025/sosylab/safety-rel/loops/compact.btor2,unknown,False,3.365701568312943,2000.0,unknown,False,1.5273336134850979,2000.0,tie,0.0
243,2025,benchmarks/wordlevel/array/2025/sosylab/safety-rel/loops/vogal-1.btor2,unknown,False,42.498348767869174,2000.0,unknown,False,3.534054142422974,2000.0,tie,0.0
244,2025,benchmarks/wordlevel/array/2025/sosylab/safety-rel/loops/vogal-2.btor2,unknown,False,44.29447555821389,2000.0,unknown,False,3.9754257202148438,2000.0,tie,0.0
245,2025,benchmarks/wordlevel/array/2025/sosylab/safety-rel/memory-model/4SB.btor2,missing,False,1000.1653951099142,2000.0,missing,False,1000.2632281687111,2000.0,tie,0.0
246,2025,benchmarks/wordlevel/array/2025/sosylab/safety-rel/reducercommutativity/avg60-1.btor2,unknown,False,96.96756216417998,2000.0,unknown,False,58.8079510582611,2000.0,tie,0.0
247,2025,benchmarks/wordlevel/array/2025/sosylab/safety-rel/seq-mthreaded/rekcba_aso.1.M1-2.btor2,missing,False,1000.6334719508886,2000.0,missing,False,1000.5316445818171,2000.0,tie,0.0
248,2025,benchmarks/wordlevel/array/2025/sosylab/safety-rel/verifythis/duplets.btor2,missing,False,1000.9446733482182,2000.0,missing,False,1000.8406451074407,2000.0,tie,0.0
249,2025,benchmarks/wordlevel/array/2025/sosylab/safety-rel/verifythis/elimination_max.btor2,missing,False,1000.6298596579581,2000.0,missing,False,1000.7391187790781,2000.0,tie,0.0
250,2025,benchmarks/wordlevel/array/2025/yosyshq/riscv_formal_nerv_axi_cache_bus_dmem_ch0-p11.btor2,missing,False,1000.1461958698928,2000.0,missing,False,1000.1588578950614,2000.0,tie,0.0
251,2025,benchmarks/wordlevel/array/2025/yosyshq/riscv_formal_nerv_axi_cache_bus_dmem_ch0-p13.btor2,missing,False,1000.1451821411029,2000.0,missing,False,1000.1334914136678,2000.0,tie,0.0
252,2025,benchmarks/wordlevel/array/2025/yosyshq/riscv_formal_nerv_axi_cache_bus_dmem_ch0-p2.btor2,missing,False,1000.1726068919525,2000.0,missing,False,1000.1852426435798,2000.0,tie,0.0
253,2025,benchmarks/wordlevel/array/2025/yosyshq/riscv_formal_nerv_axi_cache_bus_dmem_ch0-p3.btor2,missing,False,1000.1399130932987,2000.0,missing,False,1000.1205299915746,2000.0,tie,0.0
254,2025,benchmarks/wordlevel/array/2025/yosyshq/riscv_formal_nerv_axi_cache_bus_dmem_ch0-p6.btor2,missing,False,1000.1513273837045,2000.0,missing,False,1000.1956067727879,2000.0,tie,0.0
255,2025,benchmarks/wordlevel/array/2025/yosyshq/riscv_formal_nerv_axi_cache_bus_dmem_ch0-p7.btor2,missing,False,1000.1457116678357,2000.0,missing,False,1000.1972246458754,2000.0,tie,0.0
256,2025,benchmarks/wordlevel/array/2025/yosyshq/riscv_formal_nerv_axi_cache_bus_dmem_ch0-p8.btor2,missing,False,1000.4856388298795,2000.0,missing,False,1000.444718355313,2000.0,tie,0.0
257,2025,benchmarks/wordlevel/array/2025/yosyshq/riscv_formal_nerv_axi_cache_bus_dmem_ch0_faulty-p14.btor2,missing,False,1000.4822847982869,2000.0,missing,False,1000.3631114782766,2000.0,tie,0.0
258,2025,benchmarks/wordlevel/array/2025/yosyshq/riscv_formal_nerv_axi_cache_bus_dmem_ch0_faulty-p2.btor2,missing,False,1000.471670569852,2000.0,missing,False,1000.3674965873361,2000.0,tie,0.0
259,2025,benchmarks/wordlevel/array/2025/yosyshq/riscv_formal_nerv_axi_cache_bus_dmem_ch0_faulty-p3.btor2,missing,False,1000.4856627788395,2000.0,missing,False,1000.3770155636594,2000.0,tie,0.0
260,2025,benchmarks/wordlevel/array/2025/yosyshq/riscv_formal_nerv_axi_cache_bus_dmem_fault_ch0-p1.btor2,missing,False,1000.4559887619689,2000.0,missing,False,1000.3631966663525,2000.0,tie,0.0
261,2025,benchmarks/wordlevel/array/2025/yosyshq/riscv_formal_nerv_axi_cache_bus_dmem_fault_ch0-p12.btor2,missing,False,1000.4722661469132,2000.0,missing,False,1000.3439969792962,2000.0,tie,0.0
262,2025,benchmarks/wordlevel/array/2025/yosyshq/riscv_formal_nerv_axi_cache_bus_dmem_fault_ch0-p15.btor2,missing,False,1000.5003934260458,2000.0,missing,False,1000.3450157949701,2000.0,tie,0.0
263,2025,benchmarks/wordlevel/array/2025/yosyshq/riscv_formal_nerv_axi_cache_bus_dmem_fault_ch0-p18.btor2,missing,False,1000.4713800698519,2000.0,missing,False,1000.3547929963097,2000.0,tie,0.0
264,2025,benchmarks/wordlevel/array/2025/yosyshq/riscv_formal_nerv_axi_cache_bus_dmem_fault_ch0-p19.btor2,missing,False,1000.4766447553411,2000.0,missing,False,1000.306411950849,2000.0,tie,0.0
265,2025,benchmarks/wordlevel/array/2025/yosyshq/riscv_formal_nerv_axi_cache_bus_dmem_fault_ch0-p2.btor2,missing,False,1000.4738724846393,2000.0,missing,False,1000.2498218268156,2000.0,tie,0.0
266,2025,benchmarks/wordlevel/array/2025/yosyshq/riscv_formal_nerv_axi_cache_bus_dmem_fault_ch0-p23.btor2,missing,False,1000.4976711757481,2000.0,missing,False,1000.3533766856417,2000.0,tie,0.0
267,2025,benchmarks/wordlevel/array/2025/yosyshq/riscv_formal_nerv_axi_cache_bus_dmem_fault_ch0_faulty-p14.btor2,missing,False,1000.4887374900281,2000.0,missing,False,1000.4339817781001,2000.0,tie,0.0
268,2025,benchmarks/wordlevel/array/2025/yosyshq/riscv_formal_nerv_axi_cache_bus_dmem_fault_ch0_faulty-p15.btor2,missing,False,1000.4668850367889,2000.0,missing,False,1000.4478350384161,2000.0,tie,0.0
269,2025,benchmarks/wordlevel/array/2025/yosyshq/riscv_formal_nerv_axi_cache_bus_dmem_fault_ch0_faulty-p17.btor2,missing,False,1000.4209471167997,2000.0,missing,False,1000.3723698556423,2000.0,tie,0.0
270,2025,benchmarks/wordlevel/array/2025/yosyshq/riscv_formal_nerv_axi_cache_bus_dmem_fault_ch0_faulty-p19.btor2,missing,False,1000.4567169686779,2000.0,missing,False,1000.3143573971465,2000.0,tie,0.0
271,2025,benchmarks/wordlevel/array/2025/yosyshq/riscv_formal_nerv_axi_cache_bus_dmem_fault_ch0_faulty-p2.btor2,missing,False,1000.479526007548,2000.0,missing,False,1000.3626418532804,2000.0,tie,0.0
272,2025,benchmarks/wordlevel/array/2025/yosyshq/riscv_formal_nerv_axi_cache_bus_dmem_fault_ch0_faulty-p22.btor2,missing,False,1000.4757878240198,2000.0,missing,False,1000.3667382337153,2000.0,tie,0.0
273,2025,benchmarks/wordlevel/array/2025/yosyshq/riscv_formal_nerv_axi_cache_bus_dmem_fault_ch0_faulty-p24.btor2,missing,False,1000.4724390814081,2000.0,missing,False,1000.4341519800946,2000.0,tie,0.0
274,2025,benchmarks/wordlevel/array/2025/yosyshq/riscv_formal_nerv_axi_cache_bus_dmem_fault_ch0_faulty-p6.btor2,missing,False,1000.4902409194037,2000.0,missing,False,1000.4710809830576,2000.0,tie,0.0
275,2025,benchmarks/wordlevel/array/2025/yosyshq/riscv_formal_nerv_axi_cache_bus_dmem_fault_ch0_faulty-p7.btor2,missing,False,1000.4521230515093,2000.0,missing,False,1000.4244655100629,2000.0,tie,0.0
276,2025,benchmarks/wordlevel/array/2025/yosyshq/riscv_formal_nerv_axi_cache_bus_dmem_io_order_ch0-p9.btor2,missing,False,1000.4648665953428,2000.0,missing,False,1000.2494949484244,2000.0,tie,0.0
277,2025,benchmarks/wordlevel/array/2025/yosyshq/riscv_formal_nerv_axi_cache_bus_dmem_io_read_ch0-p11.btor2,missing,False,1000.4349621320143,2000.0,missing,False,1000.3164008548483,2000.0,tie,0.0
278,2025,benchmarks/wordlevel/array/2025/yosyshq/riscv_formal_nerv_axi_cache_bus_dmem_io_read_ch0-p13.btor2,missing,False,1000.46704895515,2000.0,missing,False,1000.4745468888432,2000.0,tie,0.0
279,2025,benchmarks/wordlevel/array/2025/yosyshq/riscv_formal_nerv_axi_cache_bus_dmem_io_read_ch0-p2.btor2,unsat,True,0.9573873095214367,0.9573873095214367,unsat,True,0.8765108473598957,0.8765108473598957,final,0.08087646216154099
280,2025,benchmarks/wordlevel/array/2025/yosyshq/riscv_formal_nerv_axi_cache_bus_dmem_io_read_ch0-p3.btor2,missing,False,1000.4381484435871,2000.0,missing,False,1000.454582316801,2000.0,tie,0.0
281,2025,benchmarks/wordlevel/array/2025/yosyshq/riscv_formal_nerv_axi_cache_bus_dmem_io_read_fault_ch0-p2.btor2,unsat,True,0.9143121214583516,0.9143121214583516,unsat,True,0.7375930091366172,0.7375930091366172,final,0.17671911232173443
282,2025,benchmarks/wordlevel/array/2025/yosyshq/riscv_formal_nerv_axi_cache_bus_dmem_io_read_fault_ch0-p7.btor2,missing,False,1000.4740464556962,2000.0,missing,False,1000.2546066986397,2000.0,tie,0.0
283,2025,benchmarks/wordlevel/array/2025/yosyshq/riscv_formal_nerv_axi_cache_bus_dmem_io_write_ch0-p1.btor2,missing,False,1000.488311285153,2000.0,missing,False,1000.261764367111,2000.0,tie,0.0
284,2025,benchmarks/wordlevel/array/2025/yosyshq/riscv_formal_nerv_axi_cache_bus_dmem_io_write_ch0-p12.btor2,missing,False,1000.4770453050733,2000.0,missing,False,1000.1849735463038,2000.0,tie,0.0
285,2025,benchmarks/wordlevel/array/2025/yosyshq/riscv_formal_nerv_axi_cache_bus_dmem_io_write_ch0-p14.btor2,missing,False,1000.4645620109513,2000.0,missing,False,1000.2868924243376,2000.0,tie,0.0
286,2025,benchmarks/wordlevel/array/2025/yosyshq/riscv_formal_nerv_axi_cache_bus_dmem_io_write_ch0-p5.btor2,missing,False,1000.4423183491454,2000.0,missing,False,1000.252680326812,2000.0,tie,0.0
287,2025,benchmarks/wordlevel/array/2025/yosyshq/riscv_formal_nerv_axi_cache_bus_dmem_io_write_fault_ch0-p10.btor2,missing,False,1000.3844667365775,2000.0,missing,False,1000.2853437662125,2000.0,tie,0.0
288,2025,benchmarks/wordlevel/array/2025/yosyshq/riscv_formal_nerv_axi_cache_bus_dmem_io_write_fault_ch0-p6.btor2,missing,False,1000.4051429489627,2000.0,missing,False,1000.1705280477181,2000.0,tie,0.0
289,2025,benchmarks/wordlevel/array/2025/yosyshq/riscv_formal_nerv_axi_cache_bus_imem_ch0-p1.btor2,missing,False,1000.3923318572342,2000.0,missing,False,1000.1917473003268,2000.0,tie,0.0
290,2025,benchmarks/wordlevel/array/2025/yosyshq/riscv_formal_nerv_axi_cache_bus_imem_ch0-p10.btor2,missing,False,1000.3822280252352,2000.0,missing,False,1000.2476653940976,2000.0,tie,0.0
291,2025,benchmarks/wordlevel/array/2025/yosyshq/riscv_formal_nerv_axi_cache_bus_imem_ch0-p12.btor2,missing,False,1000.1573939966038,2000.0,missing,False,1000.1752695608884,2000.0,tie,0.0
292,2025,benchmarks/wordlevel/array/2025/yosyshq/riscv_formal_nerv_axi_cache_bus_imem_ch0-p14.btor2,missing,False,1000.1476219277829,2000.0,missing,False,1000.1354652149603,2000.0,tie,0.0
293,2025,benchmarks/wordlevel/array/2025/yosyshq/riscv_formal_nerv_axi_cache_bus_imem_ch0-p7.btor2,missing,False,1000.152575597167,2000.0,missing,False,1000.1061100466177,2000.0,tie,0.0
294,2025,benchmarks/wordlevel/array/2025/yosyshq/riscv_formal_nerv_axi_cache_bus_imem_ch0-p8.btor2,unsat,True,1.0865560928359628,1.0865560928359628,unsat,True,1.0049773016944528,1.0049773016944528,final,0.08157879114151001
295,2025,benchmarks/wordlevel/array/2025/yosyshq/riscv_formal_nerv_axi_cache_bus_imem_ch0_faulty-p0.btor2,missing,False,1000.1682750256732,2000.0,missing,False,1000.1448201388121,2000.0,tie,0.0
296,2025,benchmarks/wordlevel/array/2025/yosyshq/riscv_formal_nerv_axi_cache_bus_imem_ch0_faulty-p13.btor2,missing,False,1000.1699614888057,2000.0,missing,False,1000.1575988717377,2000.0,tie,0.0
297,2025,benchmarks/wordlevel/array/2025/yosyshq/riscv_formal_nerv_axi_cache_bus_imem_ch0_faulty-p2.btor2,missing,False,1000.1524305064231,2000.0,missing,False,1000.114717695862,2000.0,tie,0.0
298,2025,benchmarks/wordlevel/array/2025/yosyshq/riscv_formal_nerv_axi_cache_bus_imem_ch0_faulty-p3.btor2,missing,False,1000.171446335502,2000.0,missing,False,1000.143758168444,2000.0,tie,0.0
299,2025,benchmarks/wordlevel/array/2025/yosyshq/riscv_formal_nerv_axi_cache_bus_imem_ch0_faulty-p5.btor2,missing,False,1000.1720088813454,2000.0,missing,False,1000.1418606964871,2000.0,tie,0.0
300,2025,benchmarks/wordlevel/array/2025/yosyshq/riscv_formal_nerv_axi_cache_bus_imem_fault_ch0-p1.btor2,missing,False,1000.1601586099714,2000.0,missing,False,1000.19995737914,2000.0,tie,0.0
301,2025,benchmarks/wordlevel/array/2025/yosyshq/riscv_formal_nerv_axi_cache_bus_imem_fault_ch0-p10.btor2,missing,False,1000.1332024689764,2000.0,missing,False,1000.1814538305625,2000.0,tie,0.0
302,2025,benchmarks/wordlevel/array/2025/yosyshq/riscv_formal_nerv_axi_cache_bus_imem_fault_ch0-p13.btor2,missing,False,1000.1415575500578,2000.0,missing,False,1000.1779108149931,2000.0,tie,0.0
303,2025,benchmarks/wordlevel/array/2025/yosyshq/riscv_formal_nerv_axi_cache_bus_imem_fault_ch0-p15.btor2,missing,False,1000.1547913718969,2000.0,missing,False,1000.1930553736165,2000.0,tie,0.0
304,2025,benchmarks/wordlevel/array/2025/yosyshq/riscv_formal_nerv_axi_cache_bus_imem_fault_ch0-p2.btor2,missing,False,1000.1438082261011,2000.0,missing,False,1000.1925548538566,2000.0,tie,0.0
305,2025,benchmarks/wordlevel/array/2025/yosyshq/riscv_formal_nerv_axi_cache_bus_imem_fault_ch0-p7.btor2,missing,False,1000.1555399606004,2000.0,missing,False,1000.2397769885138,2000.0,tie,0.0
306,2025,benchmarks/wordlevel/array/2025/yosyshq/riscv_formal_nerv_axi_cache_bus_imem_fault_ch0-p9.btor2,missing,False,1000.1542996875942,2000.0,missing,False,1000.1807383112609,2000.0,tie,0.0
307,2025,benchmarks/wordlevel/array/2025/yosyshq/riscv_formal_nerv_axi_cache_bus_imem_fault_ch0_faulty-p18.btor2,missing,False,1000.1586472140625,2000.0,missing,False,1000.1898600254208,2000.0,tie,0.0
308,2025,benchmarks/wordlevel/array/2025/yosyshq/riscv_formal_nerv_axi_cache_bus_imem_fault_ch0_faulty-p2.btor2,missing,False,1000.1665800586343,2000.0,missing,False,1000.1877273535356,2000.0,tie,0.0
309,2025,benchmarks/wordlevel/array/2025/yosyshq/riscv_formal_nerv_axi_cache_bus_imem_fault_ch0_faulty-p8.btor2,missing,False,1000.1750809662044,2000.0,missing,False,1000.1926286322996,2000.0,tie,0.0
