index,benchmark,outer_selects,outer_updates,fallback_selects,fallback_updates,fallback_arms,fallback_limits,reward_sum,nonzero_reward_updates,mab_lines
0,benchmarks/wordlevel/array/2019/mann/safe/arbitrated_fifos_n2d8w8.btor2,0,0,0,0,,,0,0,
1,benchmarks/wordlevel/array/2019/mann/safe/linked_list_fifo_n2d4.btor2,0,0,0,0,,,0,0,
2,benchmarks/wordlevel/array/2019/mann/unknown/ridecore_array.btor2,0,0,0,0,,,0,0,
3,benchmarks/wordlevel/array/2019/mann/unsafe/ridecore_array.btor2,0,0,0,0,,,0,0,
4,benchmarks/wordlevel/array/2019/wolf/2018A/VexRiscv-regch0-15-p0.btor2,0,0,0,0,,,0,0,
5,benchmarks/wordlevel/array/2019/wolf/2018A/VexRiscv-regch0-15-p1.btor2,0,0,0,0,,,0,0,
6,benchmarks/wordlevel/array/2019/wolf/2018A/picorv32-check-p12.btor2,0,0,1,0,0,32,0,0,IC3IA-FALLBACK-BANDIT select round=0 arm=0 limit=32 candidates=309
7,benchmarks/wordlevel/array/2019/wolf/2018A/picorv32-check-p20.btor2,0,0,1,1,0,32,0.6508064516129032,1,IC3IA-FALLBACK-BANDIT select round=0 arm=0 limit=32 candidates=309 | IC3IA-FALLBACK-BANDIT update round=1 arm=0 reward=0.6508064516129032 push=78/186 frontier=77 frames=4 result=1
8,benchmarks/wordlevel/array/2019/wolf/2018A/picorv32-check-p7.btor2,0,0,1,0,0,32,0,0,IC3IA-FALLBACK-BANDIT select round=0 arm=0 limit=32 candidates=301
9,benchmarks/wordlevel/array/2019/wolf/2018A/zipcpu-zipmmu-p34.btor2,0,0,0,0,,,0,0,
10,benchmarks/wordlevel/array/2019/wolf/2018A/zipcpu-zipmmu-p40.btor2,0,0,0,0,,,0,0,
11,benchmarks/wordlevel/array/2019/wolf/2019A/picorv32_mutAX_mem-p0.btor2,0,0,0,0,,,0,0,
12,benchmarks/wordlevel/array/2019/wolf/2019A/picorv32_mutAX_mem-p7.btor2,0,0,0,0,,,0,0,
13,benchmarks/wordlevel/array/2019/wolf/2019A/picorv32_mutBX_mem-p1.btor2,0,0,0,0,,,0,0,
14,benchmarks/wordlevel/array/2019/wolf/2019A/picorv32_mutBX_mem-p5.btor2,0,0,0,0,,,0,0,
15,benchmarks/wordlevel/array/2019/wolf/2019A/picorv32_mutCX_mem-p5.btor2,0,0,0,0,,,0,0,
16,benchmarks/wordlevel/array/2019/wolf/2019A/picorv32_mutCY_mem-p5.btor2,0,0,0,0,,,0,0,
17,benchmarks/wordlevel/array/2019/wolf/2019C/dblclockfft_butterfly_ck3_r1-p105.btor2,0,0,4,4,0;1;2;0,32;16;8;32,0.6125,2,IC3IA-FALLBACK-BANDIT select round=0 arm=0 limit=32 candidates=79 | IC3IA-FALLBACK-BANDIT update round=1 arm=0 reward=0.30000000000000004 push=8/20 frontier=6 frames=2 result=-1 | IC3IA-FALLBACK-BANDIT select round=1 arm=1 limit=16 candidates=46 | IC3IA-FALLBACK-BANDIT update round=2 arm=1 reward=0.0 push=0/0 frontier=0 frames=0 result=-1 | IC3IA-FALLBACK-BANDIT select round=2 arm=2 limit=8 candidates=29 | IC3IA-FALLBACK-BANDIT update round=3 arm=2 reward=0.0 push=0/0 frontier=0 frames=0 result=-1 | IC3IA-FALLBACK-BANDIT select round=3 arm=0 limit=32 candidates=21 | IC3IA-FALLBACK-BANDIT update round=4 arm=0 reward=0.3125 push=18/54 frontier=18 frames=3 result=-1
18,benchmarks/wordlevel/array/2019/wolf/2019C/dblclockfft_butterfly_ck3_r1-p44.btor2,0,0,4,3,0;1;2;0,32;16;8;32,0.30000000000000004,1,IC3IA-FALLBACK-BANDIT select round=0 arm=0 limit=32 candidates=79 | IC3IA-FALLBACK-BANDIT update round=1 arm=0 reward=0.30000000000000004 push=8/20 frontier=6 frames=2 result=-1 | IC3IA-FALLBACK-BANDIT select round=1 arm=1 limit=16 candidates=46 | IC3IA-FALLBACK-BANDIT update round=2 arm=1 reward=0.0 push=0/0 frontier=0 frames=0 result=-1 | IC3IA-FALLBACK-BANDIT select round=2 arm=2 limit=8 candidates=30 | IC3IA-FALLBACK-BANDIT update round=3 arm=2 reward=0.0 push=0/0 frontier=0 frames=0 result=-1 | IC3IA-FALLBACK-BANDIT select round=3 arm=0 limit=32 candidates=22
19,benchmarks/wordlevel/array/2019/wolf/2019C/zipcpu_zipcpu_dcache-p105.btor2,0,0,0,0,,,0,0,
20,benchmarks/wordlevel/array/2019/wolf/2019C/zipcpu_zipcpu_dcache-p106.btor2,0,0,0,0,,,0,0,
21,benchmarks/wordlevel/array/2019/wolf/2019C/zipcpu_zipcpu_dcache-p181.btor2,0,0,0,0,,,0,0,
22,benchmarks/wordlevel/array/2019/wolf/2019C/zipcpu_zipcpu_dcache-p208.btor2,0,0,0,0,,,0,0,
23,benchmarks/wordlevel/array/2019/wolf/2019C/zipcpu_zipcpu_dcache-p231.btor2,0,0,0,0,,,0,0,
24,benchmarks/wordlevel/array/2019/wolf/2019C/zipcpu_zipcpu_dcache-p238.btor2,0,0,0,0,,,0,0,
25,benchmarks/wordlevel/array/2019/wolf/2019C/zipcpu_zipcpu_dcache-p250.btor2,0,0,0,0,,,0,0,
26,benchmarks/wordlevel/array/2019/wolf/2019C/zipcpu_zipcpu_dcache-p260.btor2,0,0,0,0,,,0,0,
27,benchmarks/wordlevel/array/2019/wolf/2019C/zipcpu_zipcpu_dcache-p274.btor2,0,0,0,0,,,0,0,
28,benchmarks/wordlevel/array/2019/wolf/2019C/zipcpu_zipcpu_dcache-p277.btor2,0,0,0,0,,,0,0,
29,benchmarks/wordlevel/array/2019/wolf/2019C/zipcpu_zipcpu_dcache-p295.btor2,0,0,0,0,,,0,0,
30,benchmarks/wordlevel/array/2019/wolf/2019C/zipcpu_zipcpu_dcache-p317.btor2,0,0,0,0,,,0,0,
31,benchmarks/wordlevel/array/2019/wolf/2019C/zipcpu_zipcpu_dcache-p322.btor2,0,0,0,0,,,0,0,
32,benchmarks/wordlevel/array/2019/wolf/2019C/zipcpu_zipcpu_dcache-p343.btor2,0,0,0,0,,,0,0,
33,benchmarks/wordlevel/array/2019/wolf/2019C/zipcpu_zipcpu_dcache-p346.btor2,0,0,0,0,,,0,0,
34,benchmarks/wordlevel/array/2019/wolf/2019C/zipcpu_zipcpu_dcache-p359.btor2,0,0,0,0,,,0,0,
35,benchmarks/wordlevel/array/2019/wolf/2019C/zipcpu_zipcpu_dcache-p371.btor2,0,0,0,0,,,0,0,
36,benchmarks/wordlevel/array/2019/wolf/2019C/zipcpu_zipcpu_dcache-p428.btor2,0,0,0,0,,,0,0,
37,benchmarks/wordlevel/array/2019/wolf/2019C/zipcpu_zipcpu_dcache-p459.btor2,0,0,0,0,,,0,0,
38,benchmarks/wordlevel/array/2019/wolf/2019C/zipcpu_zipcpu_dcache-p462.btor2,0,0,0,0,,,0,0,
39,benchmarks/wordlevel/array/2019/wolf/2019C/zipcpu_zipcpu_dcache-p478.btor2,0,0,0,0,,,0,0,
40,benchmarks/wordlevel/array/2019/wolf/2019C/zipcpu_zipcpu_dcache-p532.btor2,0,0,0,0,,,0,0,
41,benchmarks/wordlevel/array/2019/wolf/2019C/zipcpu_zipcpu_dcache-p554.btor2,0,0,0,0,,,0,0,
42,benchmarks/wordlevel/array/2019/wolf/2019C/zipcpu_zipcpu_dcache-p558.btor2,0,0,0,0,,,0,0,
43,benchmarks/wordlevel/array/2019/wolf/2019C/zipcpu_zipcpu_dcache-p563.btor2,0,0,0,0,,,0,0,
44,benchmarks/wordlevel/array/2019/wolf/2019C/zipcpu_zipcpu_dcache-p570.btor2,0,0,0,0,,,0,0,
45,benchmarks/wordlevel/array/2019/wolf/2019C/zipcpu_zipcpu_dcache-p581.btor2,0,0,0,0,,,0,0,
46,benchmarks/wordlevel/array/2019/wolf/2019C/zipcpu_zipcpu_dcache-p591.btor2,0,0,0,0,,,0,0,
47,benchmarks/wordlevel/array/2019/wolf/2019C/zipcpu_zipcpu_piped-p133.btor2,0,0,0,0,,,0,0,
48,benchmarks/wordlevel/array/2019/wolf/2019C/zipcpu_zipcpu_piped-p160.btor2,0,0,0,0,,,0,0,
49,benchmarks/wordlevel/array/2019/wolf/2019C/zipcpu_zipcpu_piped-p195.btor2,0,0,0,0,,,0,0,
50,benchmarks/wordlevel/array/2019/wolf/2019C/zipcpu_zipcpu_piped-p240.btor2,0,0,0,0,,,0,0,
51,benchmarks/wordlevel/array/2019/wolf/2019C/zipcpu_zipcpu_piped-p241.btor2,0,0,0,0,,,0,0,
52,benchmarks/wordlevel/array/2019/wolf/2019C/zipcpu_zipcpu_piped-p284.btor2,0,0,0,0,,,0,0,
53,benchmarks/wordlevel/array/2019/wolf/2019C/zipcpu_zipcpu_piped-p310.btor2,0,0,0,0,,,0,0,
54,benchmarks/wordlevel/array/2019/wolf/2019C/zipcpu_zipcpu_piped-p311.btor2,0,0,0,0,,,0,0,
55,benchmarks/wordlevel/array/2019/wolf/2019C/zipcpu_zipcpu_piped-p358.btor2,0,0,0,0,,,0,0,
56,benchmarks/wordlevel/array/2019/wolf/2019C/zipcpu_zipcpu_piped-p366.btor2,0,0,0,0,,,0,0,
57,benchmarks/wordlevel/array/2019/wolf/2019C/zipcpu_zipcpu_piped-p395.btor2,0,0,0,0,,,0,0,
58,benchmarks/wordlevel/array/2019/wolf/2019C/zipcpu_zipcpu_piped-p421.btor2,0,0,0,0,,,0,0,
59,benchmarks/wordlevel/array/2019/wolf/2019C/zipcpu_zipcpu_piped-p43.btor2,0,0,0,0,,,0,0,
60,benchmarks/wordlevel/array/2019/wolf/2019C/zipcpu_zipcpu_piped-p458.btor2,0,0,0,0,,,0,0,
61,benchmarks/wordlevel/array/2019/wolf/2019C/zipcpu_zipcpu_piped-p485.btor2,0,0,0,0,,,0,0,
62,benchmarks/wordlevel/array/2019/wolf/2019C/zipcpu_zipcpu_piped-p493.btor2,0,0,0,0,,,0,0,
63,benchmarks/wordlevel/array/2019/wolf/2019C/zipcpu_zipcpu_piped-p496.btor2,0,0,0,0,,,0,0,
64,benchmarks/wordlevel/array/2020/mann/array_lt200.btor2,1,1,0,0,,,0.5,1,CEGP-BANDIT select round=0 mode=full_add consecutive=4 targets=0 | CEGP-BANDIT update round=1 mode=full_add reward=0.5 compactness=0.0 push=1/1 frontier=1 block_distance=0.0 queries=13 aux_statevars=3 result=1
65,benchmarks/wordlevel/array/2020/mann/array_swap.btor2,0,0,0,0,,,0,0,
66,benchmarks/wordlevel/array/2020/mann/deep_overflow_bug.btor2,0,0,0,0,,,0,0,
67,benchmarks/wordlevel/array/2020/mann/easy_zero_array.btor2,0,0,0,0,,,0,0,
68,benchmarks/wordlevel/array/2020/mann/simple-stack-pred1.btor2,0,0,0,0,,,0,0,
69,benchmarks/wordlevel/array/2020/mann/zero_array.btor2,0,0,0,0,,,0,0,
70,benchmarks/wordlevel/array/2024/hkust/branch_coverage/array/rocket_1939.btor2,0,0,0,0,,,0,0,
71,benchmarks/wordlevel/array/2024/hkust/branch_coverage/array/rocket_2021.btor2,0,0,0,0,,,0,0,
72,benchmarks/wordlevel/array/2024/hkust/branch_coverage/array/rocket_2029.btor2,0,0,0,0,,,0,0,
73,benchmarks/wordlevel/array/2024/hkust/branch_coverage/array/rocket_2045.btor2,0,0,0,0,,,0,0,
74,benchmarks/wordlevel/array/2024/hkust/branch_coverage/array/rocket_2047.btor2,0,0,0,0,,,0,0,
75,benchmarks/wordlevel/array/2024/hkust/branch_coverage/array/rocket_2053.btor2,0,0,0,0,,,0,0,
76,benchmarks/wordlevel/array/2024/hkust/branch_coverage/array/rocket_2067.btor2,0,0,0,0,,,0,0,
77,benchmarks/wordlevel/array/2024/hkust/refinement_checking/array/ILA_Flute_ADDI_problem.btor2,0,0,0,0,,,0,0,
78,benchmarks/wordlevel/array/2024/hkust/refinement_checking/array/ILA_Flute_AND_problem.btor2,0,0,0,0,,,0,0,
79,benchmarks/wordlevel/array/2024/hkust/refinement_checking/array/ILA_Flute_AUIPC_problem.btor2,0,0,0,0,,,0,0,
80,benchmarks/wordlevel/array/2024/hkust/refinement_checking/array/ILA_Flute_BEQ_sanity.btor2,0,0,0,0,,,0,0,
81,benchmarks/wordlevel/array/2024/hkust/refinement_checking/array/ILA_Flute_BGEU_problem.btor2,0,0,0,0,,,0,0,
82,benchmarks/wordlevel/array/2024/hkust/refinement_checking/array/ILA_Flute_BLT_problem.btor2,0,0,0,0,,,0,0,
83,benchmarks/wordlevel/array/2024/hkust/refinement_checking/array/ILA_Flute_LHU_sanity.btor2,0,0,0,0,,,0,0,
84,benchmarks/wordlevel/array/2024/hkust/refinement_checking/array/ILA_Flute_OR_sanity.btor2,0,0,0,0,,,0,0,
85,benchmarks/wordlevel/array/2024/hkust/refinement_checking/array/ILA_Flute_SB_problem.btor2,0,0,0,0,,,0,0,
86,benchmarks/wordlevel/array/2024/hkust/refinement_checking/array/ILA_Flute_SH_problem.btor2,0,0,0,0,,,0,0,
87,benchmarks/wordlevel/array/2024/hkust/refinement_checking/array/ILA_Flute_SH_sanity.btor2,0,0,0,0,,,0,0,
88,benchmarks/wordlevel/array/2024/hkust/refinement_checking/array/ILA_Flute_SLLI_sanity.btor2,0,0,0,0,,,0,0,
89,benchmarks/wordlevel/array/2024/hkust/refinement_checking/array/ILA_Flute_SLTI_problem.btor2,0,0,0,0,,,0,0,
90,benchmarks/wordlevel/array/2024/hkust/refinement_checking/array/ILA_Flute_SLTI_sanity.btor2,0,0,0,0,,,0,0,
91,benchmarks/wordlevel/array/2024/hkust/refinement_checking/array/ILA_Flute_SRAI_problem.btor2,0,0,0,0,,,0,0,
92,benchmarks/wordlevel/array/2024/hkust/refinement_checking/array/ILA_Flute_SUB_problem.btor2,0,0,0,0,,,0,0,
93,benchmarks/wordlevel/array/2024/hkust/refinement_checking/array/ILA_Flute_SW_sanity.btor2,0,0,0,0,,,0,0,
94,benchmarks/wordlevel/array/2024/hkust/refinement_checking/array/ILA_Flute_XORI_problem.btor2,0,0,0,0,,,0,0,
95,benchmarks/wordlevel/array/2024/hkust/refinement_checking/array/ILA_Piccolo_ADD_sanity.btor2,0,0,0,0,,,0,0,
96,benchmarks/wordlevel/array/2024/hkust/refinement_checking/array/ILA_Piccolo_BNE_sanity.btor2,0,0,0,0,,,0,0,
97,benchmarks/wordlevel/array/2024/hkust/refinement_checking/array/ILA_Piccolo_JALR_problem.btor2,0,0,0,0,,,0,0,
98,benchmarks/wordlevel/array/2024/hkust/refinement_checking/array/ILA_Piccolo_JALR_sanity.btor2,0,0,0,0,,,0,0,
99,benchmarks/wordlevel/array/2024/hkust/refinement_checking/array/ILA_Piccolo_LBU_sanity.btor2,0,0,0,0,,,0,0,
100,benchmarks/wordlevel/array/2024/hkust/refinement_checking/array/ILA_Piccolo_LH_sanity.btor2,0,0,0,0,,,0,0,
101,benchmarks/wordlevel/array/2024/hkust/refinement_checking/array/ILA_Piccolo_LUI_sanity.btor2,0,0,0,0,,,0,0,
102,benchmarks/wordlevel/array/2024/hkust/refinement_checking/array/ILA_Piccolo_LW_problem.btor2,0,0,0,0,,,0,0,
103,benchmarks/wordlevel/array/2024/hkust/refinement_checking/array/ILA_Piccolo_ORI_sanity.btor2,0,0,0,0,,,0,0,
104,benchmarks/wordlevel/array/2024/hkust/refinement_checking/array/ILA_Piccolo_SB_sanity.btor2,0,0,0,0,,,0,0,
105,benchmarks/wordlevel/array/2024/hkust/refinement_checking/array/ILA_Piccolo_SLLI_problem.btor2,0,0,0,0,,,0,0,
106,benchmarks/wordlevel/array/2024/hkust/refinement_checking/array/ILA_Piccolo_SLL_problem.btor2,0,0,0,0,,,0,0,
107,benchmarks/wordlevel/array/2024/hkust/refinement_checking/array/ILA_Piccolo_SLTI_problem.btor2,0,0,0,0,,,0,0,
108,benchmarks/wordlevel/array/2024/hkust/refinement_checking/array/ILA_Piccolo_SLT_sanity.btor2,0,0,0,0,,,0,0,
109,benchmarks/wordlevel/array/2024/hkust/refinement_checking/array/ILA_Piccolo_SRL_sanity.btor2,0,0,0,0,,,0,0,
110,benchmarks/wordlevel/array/2024/hkust/refinement_checking/array/ILA_Piccolo_SW_problem.btor2,0,0,0,0,,,0,0,
111,benchmarks/wordlevel/array/2024/hkust/refinement_checking/array/ILA_Piccolo_XORI_sanity.btor2,0,0,0,0,,,0,0,
112,benchmarks/wordlevel/array/2024/hkust/refinement_checking/array/ILA_Ridecore_BLTU_problem.btor2,0,0,0,0,,,0,0,
113,benchmarks/wordlevel/array/2024/hkust/refinement_checking/array/ILA_Ridecore_LB_problem.btor2,0,0,0,0,,,0,0,
114,benchmarks/wordlevel/array/2024/hkust/refinement_checking/array/ILA_Ridecore_LUI_problem.btor2,0,0,0,0,,,0,0,
115,benchmarks/wordlevel/array/2024/hkust/refinement_checking/array/ILA_Ridecore_ORI_problem.btor2,0,0,0,0,,,0,0,
116,benchmarks/wordlevel/array/2024/hkust/refinement_checking/array/ILA_Ridecore_SRAI_problem.btor2,0,0,0,0,,,0,0,
117,benchmarks/wordlevel/array/2024/hkust/refinement_checking/array/ILA_Rocket_ADD_sanity.btor2,0,0,0,0,,,0,0,
118,benchmarks/wordlevel/array/2024/hkust/refinement_checking/array/ILA_Rocket_ANDI_sanity.btor2,0,0,0,0,,,0,0,
119,benchmarks/wordlevel/array/2024/hkust/refinement_checking/array/ILA_Rocket_AND_problem.btor2,0,0,0,0,,,0,0,
120,benchmarks/wordlevel/array/2024/hkust/refinement_checking/array/ILA_Rocket_AND_sanity.btor2,0,0,0,0,,,0,0,
121,benchmarks/wordlevel/array/2024/hkust/refinement_checking/array/ILA_Rocket_BLTU_problem.btor2,0,0,0,0,,,0,0,
122,benchmarks/wordlevel/array/2024/hkust/refinement_checking/array/ILA_Rocket_BNE_problem.btor2,0,0,0,0,,,0,0,
123,benchmarks/wordlevel/array/2024/hkust/refinement_checking/array/ILA_Rocket_JAL_sanity.btor2,0,0,0,0,,,0,0,
124,benchmarks/wordlevel/array/2024/hkust/refinement_checking/array/ILA_Rocket_LUI_sanity.btor2,0,0,0,0,,,0,0,
125,benchmarks/wordlevel/array/2024/hkust/refinement_checking/array/ILA_Rocket_LW_sanity.btor2,0,0,0,0,,,0,0,
126,benchmarks/wordlevel/array/2024/hkust/refinement_checking/array/ILA_Rocket_ORI_sanity.btor2,0,0,0,0,,,0,0,
127,benchmarks/wordlevel/array/2024/hkust/refinement_checking/array/ILA_Rocket_SLLI_problem.btor2,0,0,0,0,,,0,0,
128,benchmarks/wordlevel/array/2024/hkust/refinement_checking/array/ILA_Rocket_SLL_sanity.btor2,0,0,0,0,,,0,0,
129,benchmarks/wordlevel/array/2024/hkust/refinement_checking/array/ILA_Rocket_SLTIU_problem.btor2,0,0,0,0,,,0,0,
130,benchmarks/wordlevel/array/2024/sosylab/array-examples/standard_compareModified_ground.btor2,0,0,0,0,,,0,0,
131,benchmarks/wordlevel/array/2024/sosylab/array-examples/standard_compare_ground.btor2,0,0,0,0,,,0,0,
132,benchmarks/wordlevel/array/2024/sosylab/array-examples/standard_partition_ground-1.btor2,0,0,0,0,,,0,0,
133,benchmarks/wordlevel/array/2024/sosylab/array-fpi/brs2.btor2,0,0,0,0,,,0,0,
134,benchmarks/wordlevel/array/2024/sosylab/array-fpi/brs2f.btor2,0,0,0,0,,,0,0,
135,benchmarks/wordlevel/array/2024/sosylab/array-fpi/brs3f.btor2,0,0,0,0,,,0,0,
136,benchmarks/wordlevel/array/2024/sosylab/array-fpi/condaf.btor2,0,0,0,0,,,0,0,
137,benchmarks/wordlevel/array/2024/sosylab/array-fpi/ifcompf.btor2,0,0,0,0,,,0,0,
138,benchmarks/wordlevel/array/2024/sosylab/array-fpi/ifeqn2f.btor2,0,0,0,0,,,0,0,
139,benchmarks/wordlevel/array/2024/sosylab/array-fpi/ifeqn5.btor2,0,0,0,0,,,0,0,
140,benchmarks/wordlevel/array/2024/sosylab/array-fpi/s12if.btor2,0,0,0,0,,,0,0,
141,benchmarks/wordlevel/array/2024/sosylab/array-fpi/s2iff.btor2,0,0,0,0,,,0,0,
142,benchmarks/wordlevel/array/2024/sosylab/array-fpi/s3if.btor2,0,0,0,0,,,0,0,
143,benchmarks/wordlevel/array/2024/sosylab/array-fpi/s4liff.btor2,0,0,0,0,,,0,0,
144,benchmarks/wordlevel/array/2024/sosylab/array-industry-pattern/array_assert_loop_dep.btor2,0,0,0,0,,,0,0,
145,benchmarks/wordlevel/array/2024/sosylab/array-industry-pattern/array_monotonic.btor2,0,0,0,0,,,0,0,
146,benchmarks/wordlevel/array/2024/sosylab/array-industry-pattern/array_of_struct_ptr_mul_init.btor2,0,0,0,0,,,0,0,
147,benchmarks/wordlevel/array/2024/sosylab/array-lopstr16/flag_loopdep.btor2,0,0,0,0,,,0,0,
148,benchmarks/wordlevel/array/2024/sosylab/array-patterns/array10_pattern.btor2,0,0,0,0,,,0,0,
149,benchmarks/wordlevel/array/2024/sosylab/array-patterns/array16_pattern.btor2,0,0,0,0,,,0,0,
150,benchmarks/wordlevel/array/2024/sosylab/array-patterns/array17_pattern.btor2,0,0,0,0,,,0,0,
151,benchmarks/wordlevel/array/2024/sosylab/array-patterns/array18_pattern.btor2,0,0,0,0,,,0,0,
152,benchmarks/wordlevel/array/2024/sosylab/array-patterns/array22_pattern.btor2,0,0,0,0,,,0,0,
153,benchmarks/wordlevel/array/2024/sosylab/array-patterns/array23_pattern.btor2,0,0,0,0,,,0,0,
154,benchmarks/wordlevel/array/2024/sosylab/array-patterns/array29_pattern.btor2,0,0,0,0,,,0,0,
155,benchmarks/wordlevel/array/2024/sosylab/array-patterns/array4_pattern.btor2,0,0,0,0,,,0,0,
156,benchmarks/wordlevel/array/2024/sosylab/array-patterns/array5_pattern.btor2,0,0,0,0,,,0,0,
157,benchmarks/wordlevel/array/2024/sosylab/array-programs/partial_mod_count_5.btor2,0,0,0,0,,,0,0,
158,benchmarks/wordlevel/array/2024/sosylab/array-programs/partial_mod_count_limited_1.btor2,0,0,0,0,,,0,0,
159,benchmarks/wordlevel/array/2024/sosylab/array-programs/partial_mod_count_limited_3.btor2,0,0,0,0,,,0,0,
160,benchmarks/wordlevel/array/2024/sosylab/array-tiling/mbpr2.btor2,0,0,0,0,,,0,0,
161,benchmarks/wordlevel/array/2024/sosylab/array-tiling/skippedu.btor2,0,0,0,0,,,0,0,
162,benchmarks/wordlevel/array/2024/sosylab/ddv-machzwd/ddv_machzwd_all.btor2,0,0,0,0,,,0,0,
163,benchmarks/wordlevel/array/2024/sosylab/ddv-machzwd/ddv_machzwd_inw.btor2,0,0,0,0,,,0,0,
164,benchmarks/wordlevel/array/2024/sosylab/ldv-regression/test28-2.btor2,0,0,0,0,,,0,0,
165,benchmarks/wordlevel/array/2024/sosylab/loops/array-1.btor2,0,0,0,0,,,0,0,
166,benchmarks/wordlevel/array/2024/sosylab/loops/n.c11.btor2,0,0,0,0,,,0,0,
167,benchmarks/wordlevel/array/2024/sosylab/loops/string-2.btor2,0,0,0,0,,,0,0,
168,benchmarks/wordlevel/array/2024/sosylab/product-lines/email_spec11_productSimulator.cil.btor2,0,0,0,0,,,0,0,
169,benchmarks/wordlevel/array/2024/sosylab/product-lines/email_spec1_product28.cil.btor2,0,0,0,0,,,0,0,
170,benchmarks/wordlevel/array/2024/sosylab/product-lines/email_spec1_product35.cil.btor2,0,0,0,0,,,0,0,
171,benchmarks/wordlevel/array/2024/sosylab/product-lines/email_spec27_product34.cil.btor2,0,0,0,0,,,0,0,
172,benchmarks/wordlevel/array/2024/sosylab/product-lines/email_spec8_product14.cil.btor2,0,0,0,0,,,0,0,
173,benchmarks/wordlevel/array/2024/sosylab/product-lines/email_spec8_product29.cil.btor2,0,0,0,0,,,0,0,
174,benchmarks/wordlevel/array/2024/sosylab/product-lines/email_spec9_product12.cil.btor2,0,0,0,0,,,0,0,
175,benchmarks/wordlevel/array/2024/sosylab/product-lines/email_spec9_product14.cil.btor2,0,0,0,0,,,0,0,
176,benchmarks/wordlevel/array/2024/sosylab/product-lines/email_spec9_product26.cil.btor2,0,0,0,0,,,0,0,
177,benchmarks/wordlevel/array/2024/sosylab/product-lines/email_spec9_product35.cil.btor2,0,0,0,0,,,0,0,
178,benchmarks/wordlevel/array/2024/sosylab/reducercommutativity/max05-1.btor2,0,0,0,0,,,0,0,
179,benchmarks/wordlevel/array/2024/sosylab/reducercommutativity/max10-1.btor2,0,0,0,0,,,0,0,
180,benchmarks/wordlevel/array/2024/sosylab/reducercommutativity/sep20-1.btor2,0,0,0,0,,,0,0,
181,benchmarks/wordlevel/array/2024/sosylab/reducercommutativity/sep40-1.btor2,0,0,0,0,,,0,0,
182,benchmarks/wordlevel/array/2024/sosylab/seq-mthreaded/rekcba_aso.1.M4-2.btor2,0,0,0,0,,,0,0,
183,benchmarks/wordlevel/array/2024/sosylab/seq-mthreaded/rekcba_aso.2.M1-2.btor2,0,0,0,0,,,0,0,
184,benchmarks/wordlevel/array/2024/sosylab/seq-mthreaded/rekcba_aso.4.M4.btor2,0,0,0,0,,,0,0,
185,benchmarks/wordlevel/array/2024/sosylab/seq-mthreaded/rekcba_ctm.2-2.btor2,0,0,0,0,,,0,0,
186,benchmarks/wordlevel/array/2024/sosylab/seq-mthreaded/rekh_ctm.1.btor2,0,0,0,0,,,0,0,
187,benchmarks/wordlevel/array/2024/sosylab/seq-mthreaded/rekh_ctm.3-2.btor2,0,0,0,0,,,0,0,
188,benchmarks/wordlevel/array/2024/sosylab/seq-mthreaded/rekh_nxt.1.M1-1.btor2,0,0,0,0,,,0,0,
189,benchmarks/wordlevel/array/2024/sosylab/seq-mthreaded/rekh_nxt.3.M1.btor2,0,0,0,0,,,0,0,
190,benchmarks/wordlevel/array/2025/sosylab/liveness-l2s-func/array-examples/sanfoundry_24-1.btor2,0,0,0,0,,,0,0,
191,benchmarks/wordlevel/array/2025/sosylab/liveness-l2s-func/array-industry-pattern/array_assert_loop_dep.btor2,0,0,0,0,,,0,0,
192,benchmarks/wordlevel/array/2025/sosylab/liveness-l2s-func/loop-crafted/simple_array_index_value_1-1.btor2,0,0,0,0,,,0,0,
193,benchmarks/wordlevel/array/2025/sosylab/liveness-l2s-func/loop-crafted/simple_array_index_value_4.btor2,0,0,0,0,,,0,0,
194,benchmarks/wordlevel/array/2025/sosylab/liveness-l2s-func/reducercommutativity/max.btor2,0,0,5,5,0;1;2;0;1,32;16;8;32;16,0.3719387755102041,1,IC3IA-FALLBACK-BANDIT select round=0 arm=0 limit=32 candidates=92 | IC3IA-FALLBACK-BANDIT update round=1 arm=0 reward=0.3719387755102041 push=51/98 frontier=41 frames=2 result=-1 | IC3IA-FALLBACK-BANDIT select round=1 arm=1 limit=16 candidates=60 | IC3IA-FALLBACK-BANDIT update round=2 arm=1 reward=0.0 push=0/0 frontier=0 frames=0 result=-1 | IC3IA-FALLBACK-BANDIT select round=2 arm=2 limit=8 candidates=44 | IC3IA-FALLBACK-BANDIT update round=3 arm=2 reward=0.0 push=0/0 frontier=0 frames=0 result=-1 | IC3IA-FALLBACK-BANDIT select round=3 arm=0 limit=32 candidates=36 | IC3IA-FALLBACK-BANDIT update round=4 arm=0 reward=0.0 push=0/0 frontier=0 frames=0 result=-1 | IC3IA-FALLBACK-BANDIT select round=4 arm=1 limit=16 candidates=4 | IC3IA-FALLBACK-BANDIT update round=5 arm=1 reward=0.0 push=0/0 frontier=0 frames=0 result=-1
195,benchmarks/wordlevel/array/2025/sosylab/liveness-l2s-func/reducercommutativity/max10-1.btor2,0,0,0,0,,,0,0,
196,benchmarks/wordlevel/array/2025/sosylab/liveness-l2s-func/termination-crafted/LexIndexValue-Array-1.btor2,0,0,0,0,,,0,0,
197,benchmarks/wordlevel/array/2025/sosylab/liveness-l2s-rel/loop-acceleration/array_3-1.btor2,0,0,1,0,0,32,0,0,IC3IA-FALLBACK-BANDIT select round=0 arm=0 limit=32 candidates=16
198,benchmarks/wordlevel/array/2025/sosylab/liveness-l2s-rel/loop-acceleration/array_3-2.btor2,0,0,1,0,0,32,0,0,IC3IA-FALLBACK-BANDIT select round=0 arm=0 limit=32 candidates=16
199,benchmarks/wordlevel/array/2025/sosylab/liveness-l2s-rel/loop-crafted/simple_array_index_value_3.btor2,0,0,1,1,0,32,0.540625,1,IC3IA-FALLBACK-BANDIT select round=0 arm=0 limit=32 candidates=18 | IC3IA-FALLBACK-BANDIT update round=1 arm=0 reward=0.540625 push=15/64 frontier=15 frames=4 result=1
200,benchmarks/wordlevel/array/2025/sosylab/liveness-l2s-rel/loops/string-1.btor2,0,0,1,1,0,32,0.0875,1,IC3IA-FALLBACK-BANDIT select round=0 arm=0 limit=32 candidates=24 | IC3IA-FALLBACK-BANDIT update round=1 arm=0 reward=0.0875 push=1/12 frontier=1 frames=1 result=-1
201,benchmarks/wordlevel/array/2025/sosylab/liveness-l2s-rel/reducercommutativity/max.btor2,0,0,0,0,,,0,0,
202,benchmarks/wordlevel/array/2025/sosylab/safety-func/array-crafted/mapavg5.btor2,0,0,2,1,0;1,32;16,0.4142341040462427,1,IC3IA-FALLBACK-BANDIT select round=0 arm=0 limit=32 candidates=55 | IC3IA-FALLBACK-BANDIT update round=1 arm=0 reward=0.4142341040462427 push=94/173 frontier=66 frames=3 result=-1 | IC3IA-FALLBACK-BANDIT select round=1 arm=1 limit=16 candidates=23
203,benchmarks/wordlevel/array/2025/sosylab/safety-func/array-examples/standard_init3_ground-1.btor2,0,0,0,0,,,0,0,
204,benchmarks/wordlevel/array/2025/sosylab/safety-func/array-examples/standard_sentinel.i.v+cfa-reducer.btor2,0,0,0,0,,,0,0,
205,benchmarks/wordlevel/array/2025/sosylab/safety-func/array-fpi/eqn1.btor2,0,0,0,0,,,0,0,
206,benchmarks/wordlevel/array/2025/sosylab/safety-func/array-fpi/ifcomp.btor2,0,0,1,0,0,32,0,0,IC3IA-FALLBACK-BANDIT select round=0 arm=0 limit=32 candidates=33
207,benchmarks/wordlevel/array/2025/sosylab/safety-func/array-fpi/ifcompf.btor2,0,0,1,0,0,32,0,0,IC3IA-FALLBACK-BANDIT select round=0 arm=0 limit=32 candidates=33
208,benchmarks/wordlevel/array/2025/sosylab/safety-func/array-fpi/res1.btor2,0,0,1,0,0,32,0,0,IC3IA-FALLBACK-BANDIT select round=0 arm=0 limit=32 candidates=28
209,benchmarks/wordlevel/array/2025/sosylab/safety-func/array-fpi/res2.btor2,0,0,1,0,0,32,0,0,IC3IA-FALLBACK-BANDIT select round=0 arm=0 limit=32 candidates=38
210,benchmarks/wordlevel/array/2025/sosylab/safety-func/array-fpi/s1if.btor2,0,0,0,0,,,0,0,
211,benchmarks/wordlevel/array/2025/sosylab/safety-func/array-fpi/s5iff.btor2,0,0,0,0,,,0,0,
212,benchmarks/wordlevel/array/2025/sosylab/safety-func/array-fpi/s5lif.btor2,0,0,1,0,0,32,0,0,IC3IA-FALLBACK-BANDIT select round=0 arm=0 limit=32 candidates=26
213,benchmarks/wordlevel/array/2025/sosylab/safety-func/array-fpi/ss1.btor2,0,0,1,0,0,32,0,0,IC3IA-FALLBACK-BANDIT select round=0 arm=0 limit=32 candidates=26
214,benchmarks/wordlevel/array/2025/sosylab/safety-func/array-industry-pattern/array_assert_loop_dep.btor2,0,0,0,0,,,0,0,
215,benchmarks/wordlevel/array/2025/sosylab/safety-func/array-industry-pattern/array_shadowinit.btor2,0,0,1,0,0,32,0,0,IC3IA-FALLBACK-BANDIT select round=0 arm=0 limit=32 candidates=17
216,benchmarks/wordlevel/array/2025/sosylab/safety-func/array-lopstr16/flag_loopdep_simple.btor2,0,0,0,0,,,0,0,
217,benchmarks/wordlevel/array/2025/sosylab/safety-func/array-patterns/array28_pattern.btor2,0,0,1,1,0,32,0.3768,1,IC3IA-FALLBACK-BANDIT select round=0 arm=0 limit=32 candidates=31 | IC3IA-FALLBACK-BANDIT update round=1 arm=0 reward=0.3768 push=50/125 frontier=39 frames=6 result=-1
218,benchmarks/wordlevel/array/2025/sosylab/safety-func/array-programs/partial_mod_count_4.btor2,0,0,0,0,,,0,0,
219,benchmarks/wordlevel/array/2025/sosylab/safety-func/array-tiling/mbpr5.btor2,0,0,1,0,0,32,0,0,IC3IA-FALLBACK-BANDIT select round=0 arm=0 limit=32 candidates=54
220,benchmarks/wordlevel/array/2025/sosylab/safety-func/array-tiling/rewnifrev2.btor2,0,0,1,0,0,32,0,0,IC3IA-FALLBACK-BANDIT select round=0 arm=0 limit=32 candidates=20
221,benchmarks/wordlevel/array/2025/sosylab/safety-func/array-tiling/skipped.btor2,0,0,1,0,0,32,0,0,IC3IA-FALLBACK-BANDIT select round=0 arm=0 limit=32 candidates=28
222,benchmarks/wordlevel/array/2025/sosylab/safety-func/ntdrivers/kbfiltr.i.cil-2.btor2,0,0,0,0,,,0,0,
223,benchmarks/wordlevel/array/2025/sosylab/safety-func/reducercommutativity/avg10-2.btor2,0,0,0,0,,,0,0,
224,benchmarks/wordlevel/array/2025/sosylab/safety-rel/array-examples/sorting_bubblesort_ground-1.btor2,0,0,0,0,,,0,0,
225,benchmarks/wordlevel/array/2025/sosylab/safety-rel/array-examples/standard_copy9_ground-1.btor2,0,0,0,0,,,0,0,
226,benchmarks/wordlevel/array/2025/sosylab/safety-rel/array-examples/standard_init7_ground-2.btor2,0,0,0,0,,,0,0,
227,benchmarks/wordlevel/array/2025/sosylab/safety-rel/array-examples/standard_partial_init_ground.btor2,0,0,0,0,,,0,0,
228,benchmarks/wordlevel/array/2025/sosylab/safety-rel/array-examples/standard_two_index_07.btor2,0,0,0,0,,,0,0,
229,benchmarks/wordlevel/array/2025/sosylab/safety-rel/array-fpi/ifeqn2.btor2,0,0,0,0,,,0,0,
230,benchmarks/wordlevel/array/2025/sosylab/safety-rel/array-fpi/s3if.btor2,0,0,0,0,,,0,0,
231,benchmarks/wordlevel/array/2025/sosylab/safety-rel/array-industry-pattern/array_of_struct_loop_dep.btor2,0,0,0,0,,,0,0,
232,benchmarks/wordlevel/array/2025/sosylab/safety-rel/array-multidimensional/diff-3-n-u.btor2,0,0,0,0,,,0,0,
233,benchmarks/wordlevel/array/2025/sosylab/safety-rel/array-patterns/array15_pattern.btor2,0,0,0,0,,,0,0,
234,benchmarks/wordlevel/array/2025/sosylab/safety-rel/array-patterns/array16_pattern.btor2,0,0,0,0,,,0,0,
235,benchmarks/wordlevel/array/2025/sosylab/safety-rel/array-patterns/array28_pattern.btor2,0,0,0,0,,,0,0,
236,benchmarks/wordlevel/array/2025/sosylab/safety-rel/array-programs/partial_mod_count_limited_4.btor2,0,0,0,0,,,0,0,
237,benchmarks/wordlevel/array/2025/sosylab/safety-rel/array-programs/partial_mod_count_limited_5.btor2,0,0,0,0,,,0,0,
238,benchmarks/wordlevel/array/2025/sosylab/safety-rel/array-programs/partial_mod_count_limited_base.btor2,0,0,0,0,,,0,0,
239,benchmarks/wordlevel/array/2025/sosylab/safety-rel/array-tiling/mbpr5.btor2,0,0,0,0,,,0,0,
240,benchmarks/wordlevel/array/2025/sosylab/safety-rel/array-tiling/pr3.btor2,0,0,0,0,,,0,0,
241,benchmarks/wordlevel/array/2025/sosylab/safety-rel/loop-lit/mcmillan2006.btor2,0,0,0,0,,,0,0,
242,benchmarks/wordlevel/array/2025/sosylab/safety-rel/loops/compact.btor2,0,0,0,0,,,0,0,
243,benchmarks/wordlevel/array/2025/sosylab/safety-rel/loops/vogal-1.btor2,0,0,0,0,,,0,0,
244,benchmarks/wordlevel/array/2025/sosylab/safety-rel/loops/vogal-2.btor2,0,0,0,0,,,0,0,
245,benchmarks/wordlevel/array/2025/sosylab/safety-rel/memory-model/4SB.btor2,0,0,0,0,,,0,0,
246,benchmarks/wordlevel/array/2025/sosylab/safety-rel/reducercommutativity/avg60-1.btor2,0,0,0,0,,,0,0,
247,benchmarks/wordlevel/array/2025/sosylab/safety-rel/seq-mthreaded/rekcba_aso.1.M1-2.btor2,0,0,0,0,,,0,0,
248,benchmarks/wordlevel/array/2025/sosylab/safety-rel/verifythis/duplets.btor2,0,0,0,0,,,0,0,
249,benchmarks/wordlevel/array/2025/sosylab/safety-rel/verifythis/elimination_max.btor2,0,0,0,0,,,0,0,
250,benchmarks/wordlevel/array/2025/yosyshq/riscv_formal_nerv_axi_cache_bus_dmem_ch0-p11.btor2,0,0,0,0,,,0,0,
251,benchmarks/wordlevel/array/2025/yosyshq/riscv_formal_nerv_axi_cache_bus_dmem_ch0-p13.btor2,0,0,0,0,,,0,0,
252,benchmarks/wordlevel/array/2025/yosyshq/riscv_formal_nerv_axi_cache_bus_dmem_ch0-p2.btor2,0,0,0,0,,,0,0,
253,benchmarks/wordlevel/array/2025/yosyshq/riscv_formal_nerv_axi_cache_bus_dmem_ch0-p3.btor2,0,0,0,0,,,0,0,
254,benchmarks/wordlevel/array/2025/yosyshq/riscv_formal_nerv_axi_cache_bus_dmem_ch0-p6.btor2,0,0,0,0,,,0,0,
255,benchmarks/wordlevel/array/2025/yosyshq/riscv_formal_nerv_axi_cache_bus_dmem_ch0-p7.btor2,0,0,0,0,,,0,0,
256,benchmarks/wordlevel/array/2025/yosyshq/riscv_formal_nerv_axi_cache_bus_dmem_ch0-p8.btor2,0,0,0,0,,,0,0,
257,benchmarks/wordlevel/array/2025/yosyshq/riscv_formal_nerv_axi_cache_bus_dmem_ch0_faulty-p14.btor2,0,0,0,0,,,0,0,
258,benchmarks/wordlevel/array/2025/yosyshq/riscv_formal_nerv_axi_cache_bus_dmem_ch0_faulty-p2.btor2,0,0,0,0,,,0,0,
259,benchmarks/wordlevel/array/2025/yosyshq/riscv_formal_nerv_axi_cache_bus_dmem_ch0_faulty-p3.btor2,0,0,0,0,,,0,0,
260,benchmarks/wordlevel/array/2025/yosyshq/riscv_formal_nerv_axi_cache_bus_dmem_fault_ch0-p1.btor2,0,0,0,0,,,0,0,
261,benchmarks/wordlevel/array/2025/yosyshq/riscv_formal_nerv_axi_cache_bus_dmem_fault_ch0-p12.btor2,0,0,0,0,,,0,0,
262,benchmarks/wordlevel/array/2025/yosyshq/riscv_formal_nerv_axi_cache_bus_dmem_fault_ch0-p15.btor2,0,0,0,0,,,0,0,
263,benchmarks/wordlevel/array/2025/yosyshq/riscv_formal_nerv_axi_cache_bus_dmem_fault_ch0-p18.btor2,0,0,0,0,,,0,0,
264,benchmarks/wordlevel/array/2025/yosyshq/riscv_formal_nerv_axi_cache_bus_dmem_fault_ch0-p19.btor2,0,0,0,0,,,0,0,
265,benchmarks/wordlevel/array/2025/yosyshq/riscv_formal_nerv_axi_cache_bus_dmem_fault_ch0-p2.btor2,0,0,0,0,,,0,0,
266,benchmarks/wordlevel/array/2025/yosyshq/riscv_formal_nerv_axi_cache_bus_dmem_fault_ch0-p23.btor2,0,0,0,0,,,0,0,
267,benchmarks/wordlevel/array/2025/yosyshq/riscv_formal_nerv_axi_cache_bus_dmem_fault_ch0_faulty-p14.btor2,0,0,0,0,,,0,0,
268,benchmarks/wordlevel/array/2025/yosyshq/riscv_formal_nerv_axi_cache_bus_dmem_fault_ch0_faulty-p15.btor2,0,0,0,0,,,0,0,
269,benchmarks/wordlevel/array/2025/yosyshq/riscv_formal_nerv_axi_cache_bus_dmem_fault_ch0_faulty-p17.btor2,0,0,0,0,,,0,0,
270,benchmarks/wordlevel/array/2025/yosyshq/riscv_formal_nerv_axi_cache_bus_dmem_fault_ch0_faulty-p19.btor2,0,0,0,0,,,0,0,
271,benchmarks/wordlevel/array/2025/yosyshq/riscv_formal_nerv_axi_cache_bus_dmem_fault_ch0_faulty-p2.btor2,0,0,0,0,,,0,0,
272,benchmarks/wordlevel/array/2025/yosyshq/riscv_formal_nerv_axi_cache_bus_dmem_fault_ch0_faulty-p22.btor2,0,0,0,0,,,0,0,
273,benchmarks/wordlevel/array/2025/yosyshq/riscv_formal_nerv_axi_cache_bus_dmem_fault_ch0_faulty-p24.btor2,0,0,0,0,,,0,0,
274,benchmarks/wordlevel/array/2025/yosyshq/riscv_formal_nerv_axi_cache_bus_dmem_fault_ch0_faulty-p6.btor2,0,0,0,0,,,0,0,
275,benchmarks/wordlevel/array/2025/yosyshq/riscv_formal_nerv_axi_cache_bus_dmem_fault_ch0_faulty-p7.btor2,0,0,0,0,,,0,0,
276,benchmarks/wordlevel/array/2025/yosyshq/riscv_formal_nerv_axi_cache_bus_dmem_io_order_ch0-p9.btor2,0,0,0,0,,,0,0,
277,benchmarks/wordlevel/array/2025/yosyshq/riscv_formal_nerv_axi_cache_bus_dmem_io_read_ch0-p11.btor2,0,0,0,0,,,0,0,
278,benchmarks/wordlevel/array/2025/yosyshq/riscv_formal_nerv_axi_cache_bus_dmem_io_read_ch0-p13.btor2,0,0,0,0,,,0,0,
279,benchmarks/wordlevel/array/2025/yosyshq/riscv_formal_nerv_axi_cache_bus_dmem_io_read_ch0-p2.btor2,0,0,0,0,,,0,0,
280,benchmarks/wordlevel/array/2025/yosyshq/riscv_formal_nerv_axi_cache_bus_dmem_io_read_ch0-p3.btor2,0,0,0,0,,,0,0,
281,benchmarks/wordlevel/array/2025/yosyshq/riscv_formal_nerv_axi_cache_bus_dmem_io_read_fault_ch0-p2.btor2,0,0,0,0,,,0,0,
282,benchmarks/wordlevel/array/2025/yosyshq/riscv_formal_nerv_axi_cache_bus_dmem_io_read_fault_ch0-p7.btor2,0,0,0,0,,,0,0,
283,benchmarks/wordlevel/array/2025/yosyshq/riscv_formal_nerv_axi_cache_bus_dmem_io_write_ch0-p1.btor2,0,0,0,0,,,0,0,
284,benchmarks/wordlevel/array/2025/yosyshq/riscv_formal_nerv_axi_cache_bus_dmem_io_write_ch0-p12.btor2,0,0,0,0,,,0,0,
285,benchmarks/wordlevel/array/2025/yosyshq/riscv_formal_nerv_axi_cache_bus_dmem_io_write_ch0-p14.btor2,0,0,0,0,,,0,0,
286,benchmarks/wordlevel/array/2025/yosyshq/riscv_formal_nerv_axi_cache_bus_dmem_io_write_ch0-p5.btor2,0,0,0,0,,,0,0,
287,benchmarks/wordlevel/array/2025/yosyshq/riscv_formal_nerv_axi_cache_bus_dmem_io_write_fault_ch0-p10.btor2,0,0,0,0,,,0,0,
288,benchmarks/wordlevel/array/2025/yosyshq/riscv_formal_nerv_axi_cache_bus_dmem_io_write_fault_ch0-p6.btor2,0,0,0,0,,,0,0,
289,benchmarks/wordlevel/array/2025/yosyshq/riscv_formal_nerv_axi_cache_bus_imem_ch0-p1.btor2,0,0,0,0,,,0,0,
290,benchmarks/wordlevel/array/2025/yosyshq/riscv_formal_nerv_axi_cache_bus_imem_ch0-p10.btor2,0,0,0,0,,,0,0,
291,benchmarks/wordlevel/array/2025/yosyshq/riscv_formal_nerv_axi_cache_bus_imem_ch0-p12.btor2,0,0,0,0,,,0,0,
292,benchmarks/wordlevel/array/2025/yosyshq/riscv_formal_nerv_axi_cache_bus_imem_ch0-p14.btor2,0,0,0,0,,,0,0,
293,benchmarks/wordlevel/array/2025/yosyshq/riscv_formal_nerv_axi_cache_bus_imem_ch0-p7.btor2,0,0,0,0,,,0,0,
294,benchmarks/wordlevel/array/2025/yosyshq/riscv_formal_nerv_axi_cache_bus_imem_ch0-p8.btor2,0,0,0,0,,,0,0,
295,benchmarks/wordlevel/array/2025/yosyshq/riscv_formal_nerv_axi_cache_bus_imem_ch0_faulty-p0.btor2,0,0,0,0,,,0,0,
296,benchmarks/wordlevel/array/2025/yosyshq/riscv_formal_nerv_axi_cache_bus_imem_ch0_faulty-p13.btor2,0,0,0,0,,,0,0,
297,benchmarks/wordlevel/array/2025/yosyshq/riscv_formal_nerv_axi_cache_bus_imem_ch0_faulty-p2.btor2,0,0,0,0,,,0,0,
298,benchmarks/wordlevel/array/2025/yosyshq/riscv_formal_nerv_axi_cache_bus_imem_ch0_faulty-p3.btor2,0,0,0,0,,,0,0,
299,benchmarks/wordlevel/array/2025/yosyshq/riscv_formal_nerv_axi_cache_bus_imem_ch0_faulty-p5.btor2,0,0,0,0,,,0,0,
300,benchmarks/wordlevel/array/2025/yosyshq/riscv_formal_nerv_axi_cache_bus_imem_fault_ch0-p1.btor2,0,0,0,0,,,0,0,
301,benchmarks/wordlevel/array/2025/yosyshq/riscv_formal_nerv_axi_cache_bus_imem_fault_ch0-p10.btor2,0,0,0,0,,,0,0,
302,benchmarks/wordlevel/array/2025/yosyshq/riscv_formal_nerv_axi_cache_bus_imem_fault_ch0-p13.btor2,0,0,0,0,,,0,0,
303,benchmarks/wordlevel/array/2025/yosyshq/riscv_formal_nerv_axi_cache_bus_imem_fault_ch0-p15.btor2,0,0,0,0,,,0,0,
304,benchmarks/wordlevel/array/2025/yosyshq/riscv_formal_nerv_axi_cache_bus_imem_fault_ch0-p2.btor2,0,0,0,0,,,0,0,
305,benchmarks/wordlevel/array/2025/yosyshq/riscv_formal_nerv_axi_cache_bus_imem_fault_ch0-p7.btor2,0,0,0,0,,,0,0,
306,benchmarks/wordlevel/array/2025/yosyshq/riscv_formal_nerv_axi_cache_bus_imem_fault_ch0-p9.btor2,0,0,0,0,,,0,0,
307,benchmarks/wordlevel/array/2025/yosyshq/riscv_formal_nerv_axi_cache_bus_imem_fault_ch0_faulty-p18.btor2,0,0,0,0,,,0,0,
308,benchmarks/wordlevel/array/2025/yosyshq/riscv_formal_nerv_axi_cache_bus_imem_fault_ch0_faulty-p2.btor2,0,0,0,0,,,0,0,
309,benchmarks/wordlevel/array/2025/yosyshq/riscv_formal_nerv_axi_cache_bus_imem_fault_ch0_faulty-p8.btor2,0,0,0,0,,,0,0,
